primeiro_nome,ultimo_nome,titulo,nome,primeiro_nome,ultimo_nome,idioma_filme,valor,primeiro_nome,ultimo_nome
AARON,SELBY,"ARACHNOPHOBIA ROLLERCOASTER",Horror,CUBA,ALLEN,Inglês,5.99,Jon,Stephens
AARON,SELBY,"ARACHNOPHOBIA ROLLERCOASTER",Horror,DARYL,WAHLBERG,Inglês,5.99,Jon,Stephens
AARON,SELBY,"ARACHNOPHOBIA ROLLERCOASTER",Horror,EWAN,GOODING,Inglês,5.99,Jon,Stephens
AARON,SELBY,"ARACHNOPHOBIA ROLLERCOASTER",Horror,GRACE,MOSTEL,Inglês,5.99,Jon,Stephens
AARON,SELBY,"ARACHNOPHOBIA ROLLERCOASTER",Horror,HUMPHREY,GARLAND,Inglês,5.99,Jon,Stephens
AARON,SELBY,"ARACHNOPHOBIA ROLLERCOASTER",Horror,JUDY,DEAN,Inglês,5.99,Jon,Stephens
AARON,SELBY,"ARACHNOPHOBIA ROLLERCOASTER",Horror,MORGAN,HOPKINS,Inglês,5.99,Jon,Stephens
AARON,SELBY,"ARACHNOPHOBIA ROLLERCOASTER",Horror,RITA,REYNOLDS,Inglês,5.99,Jon,Stephens
AARON,SELBY,"BEAUTY GREASE",Drama,CAMERON,ZELLWEGER,Inglês,5.99,Mike,Hillyer
AARON,SELBY,"BEAUTY GREASE",Drama,ED,MANSFIELD,Inglês,5.99,Mike,Hillyer
AARON,SELBY,"BEAUTY GREASE",Drama,LUCILLE,DEE,Inglês,5.99,Mike,Hillyer
AARON,SELBY,"BEAUTY GREASE",Drama,MICHAEL,BENING,Inglês,5.99,Mike,Hillyer
AARON,SELBY,"BEAUTY GREASE",Drama,NICK,DEGENERES,Inglês,5.99,Mike,Hillyer
AARON,SELBY,"CORE SUIT",Classics,ANGELA,WITHERSPOON,Inglês,6.99,Jon,Stephens
AARON,SELBY,"CORE SUIT",Classics,MENA,HOPPER,Inglês,6.99,Jon,Stephens
AARON,SELBY,"CORE SUIT",Classics,PENELOPE,CRONYN,Inglês,6.99,Jon,Stephens
AARON,SELBY,"CORE SUIT",Classics,PENELOPE,PINKETT,Inglês,6.99,Jon,Stephens
AARON,SELBY,"DORADO NOTTING",Music,AUDREY,OLIVIER,Inglês,8.99,Mike,Hillyer
AARON,SELBY,"DORADO NOTTING",Music,FAY,WOOD,Inglês,8.99,Mike,Hillyer
AARON,SELBY,"DORADO NOTTING",Music,GENE,WILLIS,Inglês,8.99,Mike,Hillyer
AARON,SELBY,"DORADO NOTTING",Music,JESSICA,BAILEY,Inglês,8.99,Mike,Hillyer
AARON,SELBY,"EXPECATIONS NATURAL",Travel,DARYL,WAHLBERG,Inglês,4.99,Mike,Hillyer
AARON,SELBY,"EXPECATIONS NATURAL",Travel,ELVIS,MARX,Inglês,4.99,Mike,Hillyer
AARON,SELBY,"EXPECATIONS NATURAL",Travel,LAURENCE,BULLOCK,Inglês,4.99,Mike,Hillyer
AARON,SELBY,"FEVER EMPIRE",Games,AUDREY,BAILEY,Inglês,6.99,Mike,Hillyer
AARON,SELBY,"FEVER EMPIRE",Games,FAY,WINSLET,Inglês,6.99,Mike,Hillyer
AARON,SELBY,"FEVER EMPIRE",Games,HELEN,VOIGHT,Inglês,6.99,Mike,Hillyer
AARON,SELBY,"LIAISONS SWEET",Travel,CHRISTIAN,NEESON,Inglês,4.99,Jon,Stephens
AARON,SELBY,"LIAISONS SWEET",Travel,FAY,WOOD,Inglês,4.99,Jon,Stephens
AARON,SELBY,"LIAISONS SWEET",Travel,MEG,HAWKE,Inglês,4.99,Jon,Stephens
AARON,SELBY,"LIAISONS SWEET",Travel,MENA,TEMPLE,Inglês,4.99,Jon,Stephens
AARON,SELBY,"LIAISONS SWEET",Travel,MICHAEL,BOLGER,Inglês,4.99,Jon,Stephens
AARON,SELBY,"LIAISONS SWEET",Travel,NICK,WAHLBERG,Inglês,4.99,Jon,Stephens
AARON,SELBY,"MUSCLE BRIGHT",Travel,GROUCHO,WILLIAMS,Inglês,2.99,Mike,Hillyer
AARON,SELBY,"MUSCLE BRIGHT",Travel,JEFF,SILVERSTONE,Inglês,2.99,Mike,Hillyer
AARON,SELBY,"MUSCLE BRIGHT",Travel,MATTHEW,CARREY,Inglês,2.99,Mike,Hillyer
AARON,SELBY,"MUSCLE BRIGHT",Travel,MATTHEW,LEIGH,Inglês,2.99,Mike,Hillyer
AARON,SELBY,"MUSCLE BRIGHT",Travel,SEAN,WILLIAMS,Inglês,2.99,Mike,Hillyer
AARON,SELBY,"PATIENT SISTER",Classics,LUCILLE,TRACY,Inglês,0.99,Mike,Hillyer
AARON,SELBY,"PATIENT SISTER",Classics,MILLA,KEITEL,Inglês,0.99,Mike,Hillyer
AARON,SELBY,"PATIENT SISTER",Classics,SEAN,GUINESS,Inglês,0.99,Mike,Hillyer
AARON,SELBY,"PATIENT SISTER",Classics,VAL,BOLGER,Inglês,0.99,Mike,Hillyer
AARON,SELBY,"SLEEPING SUSPECTS",Horror,KIRSTEN,PALTROW,Inglês,4.99,Jon,Stephens
AARON,SELBY,"SLEEPING SUSPECTS",Horror,MILLA,KEITEL,Inglês,4.99,Jon,Stephens
AARON,SELBY,"SLEEPING SUSPECTS",Horror,SANDRA,KILMER,Inglês,4.99,Jon,Stephens
AARON,SELBY,"SLEEPING SUSPECTS",Horror,WILL,WILSON,Inglês,4.99,Jon,Stephens
AARON,SELBY,"SWEDEN SHINING",Comedy,ALBERT,JOHANSSON,Inglês,4.99,Mike,Hillyer
AARON,SELBY,"SWEDEN SHINING",Comedy,KARL,BERRY,Inglês,4.99,Mike,Hillyer
AARON,SELBY,"SWEDEN SHINING",Comedy,KEVIN,BLOOM,Inglês,4.99,Mike,Hillyer
AARON,SELBY,"SWEDEN SHINING",Comedy,MARY,KEITEL,Inglês,4.99,Mike,Hillyer
AARON,SELBY,"SWEDEN SHINING",Comedy,MARY,TANDY,Inglês,4.99,Mike,Hillyer
AARON,SELBY,"USUAL UNTOUCHABLES",Foreign,AUDREY,OLIVIER,Inglês,4.99,Jon,Stephens
AARON,SELBY,"USUAL UNTOUCHABLES",Foreign,CHRISTIAN,GABLE,Inglês,4.99,Jon,Stephens
AARON,SELBY,"USUAL UNTOUCHABLES",Foreign,GREG,CHAPLIN,Inglês,4.99,Jon,Stephens
AARON,SELBY,"USUAL UNTOUCHABLES",Foreign,KENNETH,PESCI,Inglês,4.99,Jon,Stephens
AARON,SELBY,"USUAL UNTOUCHABLES",Foreign,KIRSTEN,AKROYD,Inglês,4.99,Jon,Stephens
AARON,SELBY,"WILLOW TRACY",Family,JAMES,PITT,Inglês,2.99,Mike,Hillyer
AARON,SELBY,"WILLOW TRACY",Family,REESE,KILMER,Inglês,2.99,Mike,Hillyer
AARON,SELBY,"ZHIVAGO CORE",Horror,GARY,PENN,Inglês,2.99,Jon,Stephens
AARON,SELBY,"ZHIVAGO CORE",Horror,KENNETH,HOFFMAN,Inglês,2.99,Jon,Stephens
AARON,SELBY,"ZHIVAGO CORE",Horror,NICK,STALLONE,Inglês,2.99,Jon,Stephens
AARON,SELBY,"ZHIVAGO CORE",Horror,SALMA,NOLTE,Inglês,2.99,Jon,Stephens
AARON,SELBY,"ZHIVAGO CORE",Horror,UMA,WOOD,Inglês,2.99,Jon,Stephens
AARON,SELBY,"ZHIVAGO CORE",Horror,WILLIAM,HACKMAN,Inglês,2.99,Jon,Stephens
ADAM,GOOCH,"BAREFOOT MANCHURIAN",Action,DARYL,CRAWFORD,Inglês,2.99,Jon,Stephens
ADAM,GOOCH,"BAREFOOT MANCHURIAN",Action,ED,MANSFIELD,Inglês,2.99,Jon,Stephens
ADAM,GOOCH,"BAREFOOT MANCHURIAN",Action,ELVIS,MARX,Inglês,2.99,Jon,Stephens
ADAM,GOOCH,"BAREFOOT MANCHURIAN",Action,JENNIFER,DAVIS,Inglês,2.99,Jon,Stephens
ADAM,GOOCH,"BAREFOOT MANCHURIAN",Action,KIRK,JOVOVICH,Inglês,2.99,Jon,Stephens
ADAM,GOOCH,"BAREFOOT MANCHURIAN",Action,MILLA,PECK,Inglês,2.99,Jon,Stephens
ADAM,GOOCH,"BAREFOOT MANCHURIAN",Action,MORGAN,WILLIAMS,Inglês,2.99,Jon,Stephens
ADAM,GOOCH,"BAREFOOT MANCHURIAN",Action,WILL,WILSON,Inglês,2.99,Jon,Stephens
ADAM,GOOCH,"COMMAND DARLING",Foreign,BURT,POSEY,Inglês,8.99,Mike,Hillyer
ADAM,GOOCH,"COMMAND DARLING",Foreign,EWAN,GOODING,Inglês,8.99,Mike,Hillyer
ADAM,GOOCH,"COMMAND DARLING",Foreign,GEOFFREY,HESTON,Inglês,8.99,Mike,Hillyer
ADAM,GOOCH,"COMMAND DARLING",Foreign,GRACE,MOSTEL,Inglês,8.99,Mike,Hillyer
ADAM,GOOCH,"COMMAND DARLING",Foreign,KENNETH,PESCI,Inglês,8.99,Mike,Hillyer
ADAM,GOOCH,"COMMAND DARLING",Foreign,LIZA,BERGMAN,Inglês,8.99,Mike,Hillyer
ADAM,GOOCH,"COMMAND DARLING",Foreign,MERYL,GIBSON,Inglês,8.99,Mike,Hillyer
ADAM,GOOCH,"COMMAND DARLING",Foreign,RITA,REYNOLDS,Inglês,8.99,Mike,Hillyer
ADAM,GOOCH,"EVERYONE CRAFT",Foreign,GOLDIE,BRODY,Inglês,0.99,Mike,Hillyer
ADAM,GOOCH,"EVERYONE CRAFT",Foreign,JAMES,PITT,Inglês,0.99,Mike,Hillyer
ADAM,GOOCH,"EVERYONE CRAFT",Foreign,MICHELLE,MCCONAUGHEY,Inglês,0.99,Mike,Hillyer
ADAM,GOOCH,"EVERYONE CRAFT",Foreign,MINNIE,ZELLWEGER,Inglês,0.99,Mike,Hillyer
ADAM,GOOCH,"EVERYONE CRAFT",Foreign,WOODY,JOLIE,Inglês,0.99,Mike,Hillyer
ADAM,GOOCH,"FIRE WOLVES",Games,CHRISTIAN,AKROYD,Inglês,5.99,Mike,Hillyer
ADAM,GOOCH,"FIRE WOLVES",Games,JOHNNY,LOLLOBRIGIDA,Inglês,5.99,Mike,Hillyer
ADAM,GOOCH,"FIRE WOLVES",Games,RENEE,TRACY,Inglês,5.99,Mike,Hillyer
ADAM,GOOCH,"FIRE WOLVES",Games,RIVER,DEAN,Inglês,5.99,Mike,Hillyer
ADAM,GOOCH,"FIRE WOLVES",Games,WOODY,JOLIE,Inglês,5.99,Mike,Hillyer
ADAM,GOOCH,"JERK PAYCHECK",Classics,BELA,WALKEN,Inglês,3.99,Mike,Hillyer
ADAM,GOOCH,"JERK PAYCHECK",Classics,BURT,DUKAKIS,Inglês,3.99,Mike,Hillyer
ADAM,GOOCH,"JERK PAYCHECK",Classics,CHRIS,DEPP,Inglês,3.99,Mike,Hillyer
ADAM,GOOCH,"JERK PAYCHECK",Classics,DAN,TORN,Inglês,3.99,Mike,Hillyer
ADAM,GOOCH,"JERK PAYCHECK",Classics,JULIA,BARRYMORE,Inglês,3.99,Mike,Hillyer
ADAM,GOOCH,"JERK PAYCHECK",Classics,MILLA,KEITEL,Inglês,3.99,Mike,Hillyer
ADAM,GOOCH,"JERK PAYCHECK",Classics,REESE,KILMER,Inglês,3.99,Mike,Hillyer
ADAM,GOOCH,"JERK PAYCHECK",Classics,RITA,REYNOLDS,Inglês,3.99,Mike,Hillyer
ADAM,GOOCH,"KARATE MOON",Horror,JADA,RYDER,Inglês,2.99,Jon,Stephens
ADAM,GOOCH,"KARATE MOON",Horror,JANE,JACKMAN,Inglês,2.99,Jon,Stephens
ADAM,GOOCH,"KARATE MOON",Horror,JAYNE,SILVERSTONE,Inglês,2.99,Jon,Stephens
ADAM,GOOCH,"KARATE MOON",Horror,JOHNNY,CAGE,Inglês,2.99,Jon,Stephens
ADAM,GOOCH,"KARATE MOON",Horror,JULIANNE,DENCH,Inglês,2.99,Jon,Stephens
ADAM,GOOCH,"KARATE MOON",Horror,KIM,ALLEN,Inglês,2.99,Jon,Stephens
ADAM,GOOCH,"KARATE MOON",Horror,MICHAEL,BOLGER,Inglês,2.99,Jon,Stephens
ADAM,GOOCH,"KARATE MOON",Horror,SUSAN,DAVIS,Inglês,2.99,Jon,Stephens
ADAM,GOOCH,"MUSIC BOONDOCK",Family,HUMPHREY,WILLIS,Inglês,0.99,Mike,Hillyer
ADAM,GOOCH,"MUSIC BOONDOCK",Family,MICHAEL,BENING,Inglês,0.99,Mike,Hillyer
ADAM,GOOCH,"MUSIC BOONDOCK",Family,MORGAN,WILLIAMS,Inglês,0.99,Mike,Hillyer
ADAM,GOOCH,"NAME DETECTIVE",Games,CATE,MCQUEEN,Inglês,4.99,Mike,Hillyer
ADAM,GOOCH,"NAME DETECTIVE",Games,JOHN,SUVARI,Inglês,4.99,Mike,Hillyer
ADAM,GOOCH,"NAME DETECTIVE",Games,WARREN,JACKMAN,Inglês,4.99,Mike,Hillyer
ADAM,GOOCH,"SEARCHERS WAIT",Comedy,CATE,MCQUEEN,Inglês,8.99,Jon,Stephens
ADAM,GOOCH,"SEARCHERS WAIT",Comedy,GINA,DEGENERES,Inglês,8.99,Jon,Stephens
ADAM,GOOCH,"SEARCHERS WAIT",Comedy,ROCK,DUKAKIS,Inglês,8.99,Jon,Stephens
ADAM,GOOCH,"SEARCHERS WAIT",Comedy,SUSAN,DAVIS,Inglês,8.99,Jon,Stephens
ADAM,GOOCH,"SIEGE MADRE",Family,BELA,WALKEN,Inglês,0.99,Mike,Hillyer
ADAM,GOOCH,"SIEGE MADRE",Family,CUBA,OLIVIER,Inglês,0.99,Mike,Hillyer
ADAM,GOOCH,"SIEGE MADRE",Family,DAN,HARRIS,Inglês,0.99,Mike,Hillyer
ADAM,GOOCH,"SIEGE MADRE",Family,NATALIE,HOPKINS,Inglês,0.99,Mike,Hillyer
ADAM,GOOCH,"SIEGE MADRE",Family,RIP,CRAWFORD,Inglês,0.99,Mike,Hillyer
ADAM,GOOCH,"SIEGE MADRE",Family,SALMA,NOLTE,Inglês,0.99,Mike,Hillyer
ADAM,GOOCH,"SIEGE MADRE",Family,SIDNEY,CROWE,Inglês,0.99,Mike,Hillyer
ADAM,GOOCH,"SLEEPING SUSPECTS",Horror,KIRSTEN,PALTROW,Inglês,4.99,Mike,Hillyer
ADAM,GOOCH,"SLEEPING SUSPECTS",Horror,MILLA,KEITEL,Inglês,4.99,Mike,Hillyer
ADAM,GOOCH,"SLEEPING SUSPECTS",Horror,SANDRA,KILMER,Inglês,4.99,Mike,Hillyer
ADAM,GOOCH,"SLEEPING SUSPECTS",Horror,WILL,WILSON,Inglês,4.99,Mike,Hillyer
ADAM,GOOCH,"STRANGELOVE DESIRE",Children,ALAN,DREYFUSS,Inglês,4.99,Mike,Hillyer
ADAM,GOOCH,"STRANGELOVE DESIRE",Children,ANGELA,HUDSON,Inglês,4.99,Mike,Hillyer
ADAM,GOOCH,"STRANGELOVE DESIRE",Children,CUBA,ALLEN,Inglês,4.99,Mike,Hillyer
ADAM,GOOCH,"STRANGELOVE DESIRE",Children,ED,GUINESS,Inglês,4.99,Mike,Hillyer
ADAM,GOOCH,"STRANGELOVE DESIRE",Children,GROUCHO,SINATRA,Inglês,4.99,Mike,Hillyer
ADAM,GOOCH,"STRANGELOVE DESIRE",Children,JUDE,CRUISE,Inglês,4.99,Mike,Hillyer
ADAM,GOOCH,"STRANGELOVE DESIRE",Children,MICHAEL,BENING,Inglês,4.99,Mike,Hillyer
ADAM,GOOCH,"STRANGELOVE DESIRE",Children,RAY,JOHANSSON,Inglês,4.99,Mike,Hillyer
ADAM,GOOCH,"STRANGELOVE DESIRE",Children,WALTER,TORN,Inglês,4.99,Mike,Hillyer
ADAM,GOOCH,"TITANIC BOONDOCK",Animation,BETTE,NICHOLSON,Inglês,10.99,Jon,Stephens
ADAM,GOOCH,"TITANIC BOONDOCK",Animation,DAN,HARRIS,Inglês,10.99,Jon,Stephens
ADAM,GOOCH,"TITANIC BOONDOCK",Animation,EWAN,GOODING,Inglês,10.99,Jon,Stephens
ADAM,GOOCH,"TITANIC BOONDOCK",Animation,GEOFFREY,HESTON,Inglês,10.99,Jon,Stephens
ADAM,GOOCH,"TITANIC BOONDOCK",Animation,JAYNE,NOLTE,Inglês,10.99,Jon,Stephens
ADAM,GOOCH,"TITANIC BOONDOCK",Animation,JULIANNE,DENCH,Inglês,10.99,Jon,Stephens
ADAM,GOOCH,"TITANIC BOONDOCK",Animation,MARY,KEITEL,Inglês,10.99,Jon,Stephens
ADAM,GOOCH,"TITANIC BOONDOCK",Animation,MATTHEW,CARREY,Inglês,10.99,Jon,Stephens
ADAM,GOOCH,"TITANIC BOONDOCK",Animation,OLYMPIA,PFEIFFER,Inglês,10.99,Jon,Stephens
ADAM,GOOCH,"TITANIC BOONDOCK",Animation,PENELOPE,CRONYN,Inglês,10.99,Jon,Stephens
ADAM,GOOCH,"TITANIC BOONDOCK",Animation,WARREN,NOLTE,Inglês,10.99,Jon,Stephens
ADAM,GOOCH,"TITANIC BOONDOCK",Animation,WILL,WILSON,Inglês,10.99,Jon,Stephens
ADRIAN,CLARY,"BOOGIE AMELIE",Music,GENE,MCKELLEN,Inglês,4.99,Jon,Stephens
ADRIAN,CLARY,"BOOGIE AMELIE",Music,GENE,MCKELLEN,Inglês,5.99,Jon,Stephens
ADRIAN,CLARY,"BOOGIE AMELIE",Music,GROUCHO,SINATRA,Inglês,4.99,Jon,Stephens
ADRIAN,CLARY,"BOOGIE AMELIE",Music,GROUCHO,SINATRA,Inglês,5.99,Jon,Stephens
ADRIAN,CLARY,"BOOGIE AMELIE",Music,JODIE,DEGENERES,Inglês,4.99,Jon,Stephens
ADRIAN,CLARY,"BOOGIE AMELIE",Music,JODIE,DEGENERES,Inglês,5.99,Jon,Stephens
ADRIAN,CLARY,"BOOGIE AMELIE",Music,KEVIN,BLOOM,Inglês,4.99,Jon,Stephens
ADRIAN,CLARY,"BOOGIE AMELIE",Music,KEVIN,BLOOM,Inglês,5.99,Jon,Stephens
ADRIAN,CLARY,"BOOGIE AMELIE",Music,MERYL,ALLEN,Inglês,4.99,Jon,Stephens
ADRIAN,CLARY,"BOOGIE AMELIE",Music,MERYL,ALLEN,Inglês,5.99,Jon,Stephens
ADRIAN,CLARY,"BOOGIE AMELIE",Music,NICK,DEGENERES,Inglês,4.99,Jon,Stephens
ADRIAN,CLARY,"BOOGIE AMELIE",Music,NICK,DEGENERES,Inglês,5.99,Jon,Stephens
ADRIAN,CLARY,"BOUND CHEAPER",Classics,CUBA,OLIVIER,Inglês,2.99,Jon,Stephens
ADRIAN,CLARY,"BOUND CHEAPER",Classics,KARL,BERRY,Inglês,2.99,Jon,Stephens
ADRIAN,CLARY,"CHICAGO NORTH",Games,BURT,TEMPLE,Inglês,4.99,Mike,Hillyer
ADRIAN,CLARY,"CHICAGO NORTH",Games,CUBA,ALLEN,Inglês,4.99,Mike,Hillyer
ADRIAN,CLARY,"CHICAGO NORTH",Games,JAYNE,SILVERSTONE,Inglês,4.99,Mike,Hillyer
ADRIAN,CLARY,"CHICAGO NORTH",Games,KEVIN,GARLAND,Inglês,4.99,Mike,Hillyer
ADRIAN,CLARY,"CHICAGO NORTH",Games,LIZA,BERGMAN,Inglês,4.99,Mike,Hillyer
ADRIAN,CLARY,"CHICAGO NORTH",Games,MAE,HOFFMAN,Inglês,4.99,Mike,Hillyer
ADRIAN,CLARY,"CHICAGO NORTH",Games,MERYL,GIBSON,Inglês,4.99,Mike,Hillyer
ADRIAN,CLARY,"CHICAGO NORTH",Games,RIVER,DEAN,Inglês,4.99,Mike,Hillyer
ADRIAN,CLARY,"DIVINE RESURRECTION",Games,CHRISTIAN,GABLE,Inglês,6.99,Mike,Hillyer
ADRIAN,CLARY,"DIVINE RESURRECTION",Games,CUBA,OLIVIER,Inglês,6.99,Mike,Hillyer
ADRIAN,CLARY,"DIVINE RESURRECTION",Games,DAN,HARRIS,Inglês,6.99,Mike,Hillyer
ADRIAN,CLARY,"DIVINE RESURRECTION",Games,HELEN,VOIGHT,Inglês,6.99,Mike,Hillyer
ADRIAN,CLARY,"DIVINE RESURRECTION",Games,KENNETH,PALTROW,Inglês,6.99,Mike,Hillyer
ADRIAN,CLARY,"EFFECT GLADIATOR",Family,ALEC,WAYNE,Inglês,2.99,Jon,Stephens
ADRIAN,CLARY,"EFFECT GLADIATOR",Family,JULIA,BARRYMORE,Inglês,2.99,Jon,Stephens
ADRIAN,CLARY,"EFFECT GLADIATOR",Family,JULIA,MCQUEEN,Inglês,2.99,Jon,Stephens
ADRIAN,CLARY,"EFFECT GLADIATOR",Family,LISA,MONROE,Inglês,2.99,Jon,Stephens
ADRIAN,CLARY,"EFFECT GLADIATOR",Family,NICK,STALLONE,Inglês,2.99,Jon,Stephens
ADRIAN,CLARY,"EFFECT GLADIATOR",Family,OLYMPIA,PFEIFFER,Inglês,2.99,Jon,Stephens
ADRIAN,CLARY,"EFFECT GLADIATOR",Family,RENEE,TRACY,Inglês,2.99,Jon,Stephens
ADRIAN,CLARY,"ENCINO ELF",Games,BEN,WILLIS,Inglês,2.99,Mike,Hillyer
ADRIAN,CLARY,"ENCINO ELF",Games,HARVEY,HOPE,Inglês,2.99,Mike,Hillyer
ADRIAN,CLARY,"ENCINO ELF",Games,JAMES,PITT,Inglês,2.99,Mike,Hillyer
ADRIAN,CLARY,"ENCINO ELF",Games,KIRSTEN,PALTROW,Inglês,2.99,Mike,Hillyer
ADRIAN,CLARY,"ENCINO ELF",Games,SYLVESTER,DERN,Inglês,2.99,Mike,Hillyer
ADRIAN,CLARY,"ENCINO ELF",Games,ZERO,CAGE,Inglês,2.99,Mike,Hillyer
ADRIAN,CLARY,"FURY MURDER",Children,KARL,BERRY,Inglês,1.99,Mike,Hillyer
ADRIAN,CLARY,"FURY MURDER",Children,KIRK,JOVOVICH,Inglês,1.99,Mike,Hillyer
ADRIAN,CLARY,"FURY MURDER",Children,LAURA,BRODY,Inglês,1.99,Mike,Hillyer
ADRIAN,CLARY,"FURY MURDER",Children,WOODY,JOLIE,Inglês,1.99,Mike,Hillyer
ADRIAN,CLARY,"HALF OUTFIELD",Family,ANNE,CRONYN,Inglês,5.99,Jon,Stephens
ADRIAN,CLARY,"HALF OUTFIELD",Family,DARYL,CRAWFORD,Inglês,5.99,Jon,Stephens
ADRIAN,CLARY,"HALF OUTFIELD",Family,DEBBIE,AKROYD,Inglês,5.99,Jon,Stephens
ADRIAN,CLARY,"HALF OUTFIELD",Family,GREG,CHAPLIN,Inglês,5.99,Jon,Stephens
ADRIAN,CLARY,"HALF OUTFIELD",Family,HARRISON,BALE,Inglês,5.99,Jon,Stephens
ADRIAN,CLARY,"HALF OUTFIELD",Family,SEAN,GUINESS,Inglês,5.99,Jon,Stephens
ADRIAN,CLARY,"PARIS WEEKEND",Horror,ANGELA,HUDSON,Inglês,3.99,Mike,Hillyer
ADRIAN,CLARY,"PARIS WEEKEND",Horror,GEOFFREY,HESTON,Inglês,3.99,Mike,Hillyer
ADRIAN,CLARY,"PARIS WEEKEND",Horror,HENRY,BERRY,Inglês,3.99,Mike,Hillyer
ADRIAN,CLARY,"PARIS WEEKEND",Horror,JAYNE,SILVERSTONE,Inglês,3.99,Mike,Hillyer
ADRIAN,CLARY,"PARIS WEEKEND",Horror,LIZA,BERGMAN,Inglês,3.99,Mike,Hillyer
ADRIAN,CLARY,"PARIS WEEKEND",Horror,PENELOPE,PINKETT,Inglês,3.99,Mike,Hillyer
ADRIAN,CLARY,"PATHS CONTROL",Drama,ANNE,CRONYN,Inglês,7.99,Mike,Hillyer
ADRIAN,CLARY,"PATHS CONTROL",Drama,KIRSTEN,AKROYD,Inglês,7.99,Mike,Hillyer
ADRIAN,CLARY,"PATHS CONTROL",Drama,ROCK,DUKAKIS,Inglês,7.99,Mike,Hillyer
ADRIAN,CLARY,"PATHS CONTROL",Drama,SUSAN,DAVIS,Inglês,7.99,Mike,Hillyer
ADRIAN,CLARY,"PATHS CONTROL",Drama,VAL,BOLGER,Inglês,7.99,Mike,Hillyer
ADRIAN,CLARY,"RIDER CADDYSHACK",Sports,ANNE,CRONYN,Inglês,4.99,Jon,Stephens
ADRIAN,CLARY,"RIDER CADDYSHACK",Sports,BEN,HARRIS,Inglês,4.99,Jon,Stephens
ADRIAN,CLARY,"RIDER CADDYSHACK",Sports,JAMES,PITT,Inglês,4.99,Jon,Stephens
ADRIAN,CLARY,"RIDER CADDYSHACK",Sports,JEFF,SILVERSTONE,Inglês,4.99,Jon,Stephens
ADRIAN,CLARY,"RIDER CADDYSHACK",Sports,JULIA,ZELLWEGER,Inglês,4.99,Jon,Stephens
ADRIAN,CLARY,"RIDER CADDYSHACK",Sports,SCARLETT,DAMON,Inglês,4.99,Jon,Stephens
ADRIAN,CLARY,"RIDER CADDYSHACK",Sports,UMA,WOOD,Inglês,4.99,Jon,Stephens
ADRIAN,CLARY,"RIDER CADDYSHACK",Sports,WHOOPI,HURT,Inglês,4.99,Jon,Stephens
ADRIAN,CLARY,"RIDER CADDYSHACK",Sports,WILLIAM,HACKMAN,Inglês,4.99,Jon,Stephens
ADRIAN,CLARY,"ROBBERY BRIGHT",Family,GOLDIE,BRODY,Inglês,0.99,Jon,Stephens
ADRIAN,CLARY,"ROBBERY BRIGHT",Family,WHOOPI,HURT,Inglês,0.99,Jon,Stephens
ADRIAN,CLARY,"SCALAWAG DUCK",Music,CHRIS,DEPP,Inglês,6.99,Jon,Stephens
ADRIAN,CLARY,"SCALAWAG DUCK",Music,CHRISTIAN,NEESON,Inglês,6.99,Jon,Stephens
ADRIAN,CLARY,"SCALAWAG DUCK",Music,GROUCHO,SINATRA,Inglês,6.99,Jon,Stephens
ADRIAN,CLARY,"SCALAWAG DUCK",Music,JUDE,CRUISE,Inglês,6.99,Jon,Stephens
ADRIAN,CLARY,"SCALAWAG DUCK",Music,REESE,KILMER,Inglês,6.99,Jon,Stephens
ADRIAN,CLARY,"TIGHTS DAWN",Sports,IAN,TANDY,Inglês,1.99,Mike,Hillyer
ADRIAN,CLARY,"TIGHTS DAWN",Sports,MORGAN,HOPKINS,Inglês,1.99,Mike,Hillyer
ADRIAN,CLARY,"TIGHTS DAWN",Sports,TOM,MIRANDA,Inglês,1.99,Mike,Hillyer
ADRIAN,CLARY,"TIGHTS DAWN",Sports,VIVIEN,BERGEN,Inglês,1.99,Mike,Hillyer
ADRIAN,CLARY,"TIGHTS DAWN",Sports,WILLIAM,HACKMAN,Inglês,1.99,Mike,Hillyer
ADRIAN,CLARY,"VOLCANO TEXAS",Games,ALBERT,NOLTE,Inglês,0.99,Jon,Stephens
ADRIAN,CLARY,"VOLCANO TEXAS",Games,CATE,MCQUEEN,Inglês,0.99,Jon,Stephens
ADRIAN,CLARY,"VOLCANO TEXAS",Games,CUBA,OLIVIER,Inglês,0.99,Jon,Stephens
ADRIAN,CLARY,"VOLCANO TEXAS",Games,RUSSELL,CLOSE,Inglês,0.99,Jon,Stephens
ADRIAN,CLARY,"VOLCANO TEXAS",Games,RUSSELL,TEMPLE,Inglês,0.99,Jon,Stephens
AGNES,BISHOP,"ANACONDA CONFESSIONS",Animation,ELVIS,MARX,Inglês,2.99,Jon,Stephens
AGNES,BISHOP,"ANACONDA CONFESSIONS",Animation,HUMPHREY,WILLIS,Inglês,2.99,Jon,Stephens
AGNES,BISHOP,"ANACONDA CONFESSIONS",Animation,JAYNE,NOLTE,Inglês,2.99,Jon,Stephens
AGNES,BISHOP,"ANACONDA CONFESSIONS",Animation,JENNIFER,DAVIS,Inglês,2.99,Jon,Stephens
AGNES,BISHOP,"ANACONDA CONFESSIONS",Animation,PENELOPE,GUINESS,Inglês,2.99,Jon,Stephens
AGNES,BISHOP,"ATLANTIS CAUSE",Family,AUDREY,OLIVIER,Inglês,2.99,Mike,Hillyer
AGNES,BISHOP,"ATLANTIS CAUSE",Family,CATE,HARRIS,Inglês,2.99,Mike,Hillyer
AGNES,BISHOP,"ATLANTIS CAUSE",Family,CHRIS,DEPP,Inglês,2.99,Mike,Hillyer
AGNES,BISHOP,"ATLANTIS CAUSE",Family,CUBA,BIRCH,Inglês,2.99,Mike,Hillyer
AGNES,BISHOP,"ATLANTIS CAUSE",Family,FRANCES,TOMEI,Inglês,2.99,Mike,Hillyer
AGNES,BISHOP,"ATLANTIS CAUSE",Family,GRETA,KEITEL,Inglês,2.99,Mike,Hillyer
AGNES,BISHOP,"ATLANTIS CAUSE",Family,HARVEY,HOPE,Inglês,2.99,Mike,Hillyer
AGNES,BISHOP,"ATLANTIS CAUSE",Family,JULIANNE,DENCH,Inglês,2.99,Mike,Hillyer
AGNES,BISHOP,"ATLANTIS CAUSE",Family,WOODY,HOFFMAN,Inglês,2.99,Mike,Hillyer
AGNES,BISHOP,"EFFECT GLADIATOR",Family,ALEC,WAYNE,Inglês,0.99,Mike,Hillyer
AGNES,BISHOP,"EFFECT GLADIATOR",Family,JULIA,BARRYMORE,Inglês,0.99,Mike,Hillyer
AGNES,BISHOP,"EFFECT GLADIATOR",Family,JULIA,MCQUEEN,Inglês,0.99,Mike,Hillyer
AGNES,BISHOP,"EFFECT GLADIATOR",Family,LISA,MONROE,Inglês,0.99,Mike,Hillyer
AGNES,BISHOP,"EFFECT GLADIATOR",Family,NICK,STALLONE,Inglês,0.99,Mike,Hillyer
AGNES,BISHOP,"EFFECT GLADIATOR",Family,OLYMPIA,PFEIFFER,Inglês,0.99,Mike,Hillyer
AGNES,BISHOP,"EFFECT GLADIATOR",Family,RENEE,TRACY,Inglês,0.99,Mike,Hillyer
AGNES,BISHOP,"FISH OPUS",Sci-Fi,LAURENCE,BULLOCK,Inglês,2.99,Jon,Stephens
AGNES,BISHOP,"FISH OPUS",Sci-Fi,PARKER,GOLDBERG,Inglês,2.99,Jon,Stephens
AGNES,BISHOP,"GUN BONNIE",Games,BURT,DUKAKIS,Inglês,2.99,Jon,Stephens
AGNES,BISHOP,"GUN BONNIE",Games,GROUCHO,SINATRA,Inglês,2.99,Jon,Stephens
AGNES,BISHOP,"GUN BONNIE",Games,IAN,TANDY,Inglês,2.99,Jon,Stephens
AGNES,BISHOP,"GUN BONNIE",Games,MATTHEW,CARREY,Inglês,2.99,Jon,Stephens
AGNES,BISHOP,"GUN BONNIE",Games,WILL,WILSON,Inglês,2.99,Jon,Stephens
AGNES,BISHOP,"HAMLET WISDOM",Sci-Fi,CHRISTOPHER,WEST,Inglês,3.99,Mike,Hillyer
AGNES,BISHOP,"HAMLET WISDOM",Sci-Fi,FAY,WINSLET,Inglês,3.99,Mike,Hillyer
AGNES,BISHOP,"HAMLET WISDOM",Sci-Fi,JOHNNY,CAGE,Inglês,3.99,Mike,Hillyer
AGNES,BISHOP,"HAMLET WISDOM",Sci-Fi,PENELOPE,CRONYN,Inglês,3.99,Mike,Hillyer
AGNES,BISHOP,"HAMLET WISDOM",Sci-Fi,WARREN,JACKMAN,Inglês,3.99,Mike,Hillyer
AGNES,BISHOP,"ICE CROSSING",Games,CHRISTOPHER,BERRY,Inglês,4.99,Jon,Stephens
AGNES,BISHOP,"ICE CROSSING",Games,EWAN,GOODING,Inglês,4.99,Jon,Stephens
AGNES,BISHOP,"ICE CROSSING",Games,JAYNE,NOLTE,Inglês,4.99,Jon,Stephens
AGNES,BISHOP,"ICE CROSSING",Games,JUDE,CRUISE,Inglês,4.99,Jon,Stephens
AGNES,BISHOP,"ICE CROSSING",Games,MENA,TEMPLE,Inglês,4.99,Jon,Stephens
AGNES,BISHOP,"ICE CROSSING",Games,OLYMPIA,PFEIFFER,Inglês,4.99,Jon,Stephens
AGNES,BISHOP,"IGBY MAKER",Travel,BETTE,NICHOLSON,Inglês,4.99,Mike,Hillyer
AGNES,BISHOP,"IGBY MAKER",Travel,DAN,STREEP,Inglês,4.99,Mike,Hillyer
AGNES,BISHOP,"IGBY MAKER",Travel,GEOFFREY,HESTON,Inglês,4.99,Mike,Hillyer
AGNES,BISHOP,"IGBY MAKER",Travel,MICHAEL,BENING,Inglês,4.99,Mike,Hillyer
AGNES,BISHOP,"IGBY MAKER",Travel,SEAN,GUINESS,Inglês,4.99,Mike,Hillyer
AGNES,BISHOP,"JERK PAYCHECK",Classics,BELA,WALKEN,Inglês,6.99,Mike,Hillyer
AGNES,BISHOP,"JERK PAYCHECK",Classics,BURT,DUKAKIS,Inglês,6.99,Mike,Hillyer
AGNES,BISHOP,"JERK PAYCHECK",Classics,CHRIS,DEPP,Inglês,6.99,Mike,Hillyer
AGNES,BISHOP,"JERK PAYCHECK",Classics,DAN,TORN,Inglês,6.99,Mike,Hillyer
AGNES,BISHOP,"JERK PAYCHECK",Classics,JULIA,BARRYMORE,Inglês,6.99,Mike,Hillyer
AGNES,BISHOP,"JERK PAYCHECK",Classics,MILLA,KEITEL,Inglês,6.99,Mike,Hillyer
AGNES,BISHOP,"JERK PAYCHECK",Classics,REESE,KILMER,Inglês,6.99,Mike,Hillyer
AGNES,BISHOP,"JERK PAYCHECK",Classics,RITA,REYNOLDS,Inglês,6.99,Mike,Hillyer
AGNES,BISHOP,"LUCKY FLYING",Music,ANGELA,WITHERSPOON,Inglês,2.99,Mike,Hillyer
AGNES,BISHOP,"LUCKY FLYING",Music,EWAN,GOODING,Inglês,2.99,Mike,Hillyer
AGNES,BISHOP,"LUCKY FLYING",Music,JADA,RYDER,Inglês,2.99,Mike,Hillyer
AGNES,BISHOP,"LUCKY FLYING",Music,JAMES,PITT,Inglês,2.99,Mike,Hillyer
AGNES,BISHOP,"LUCKY FLYING",Music,JIM,MOSTEL,Inglês,2.99,Mike,Hillyer
AGNES,BISHOP,"LUCKY FLYING",Music,JULIA,MCQUEEN,Inglês,2.99,Mike,Hillyer
AGNES,BISHOP,"LUCKY FLYING",Music,KARL,BERRY,Inglês,2.99,Mike,Hillyer
AGNES,BISHOP,"LUCKY FLYING",Music,KENNETH,TORN,Inglês,2.99,Mike,Hillyer
AGNES,BISHOP,"LUCKY FLYING",Music,NICK,WAHLBERG,Inglês,2.99,Mike,Hillyer
AGNES,BISHOP,"LUCKY FLYING",Music,PARKER,GOLDBERG,Inglês,2.99,Mike,Hillyer
AGNES,BISHOP,"NASH CHOCOLAT",Animation,ANGELA,HUDSON,Inglês,5.99,Mike,Hillyer
AGNES,BISHOP,"NASH CHOCOLAT",Animation,BELA,WALKEN,Inglês,5.99,Mike,Hillyer
AGNES,BISHOP,"NASH CHOCOLAT",Animation,BEN,HARRIS,Inglês,5.99,Mike,Hillyer
AGNES,BISHOP,"NASH CHOCOLAT",Animation,BEN,WILLIS,Inglês,5.99,Mike,Hillyer
AGNES,BISHOP,"NASH CHOCOLAT",Animation,HARRISON,BALE,Inglês,5.99,Mike,Hillyer
AGNES,BISHOP,"NASH CHOCOLAT",Animation,HUMPHREY,GARLAND,Inglês,5.99,Mike,Hillyer
AGNES,BISHOP,"NASH CHOCOLAT",Animation,JUDY,DEAN,Inglês,5.99,Mike,Hillyer
AGNES,BISHOP,"PAYCHECK WAIT",Drama,GARY,PENN,Inglês,4.99,Jon,Stephens
AGNES,BISHOP,"PAYCHECK WAIT",Drama,LIZA,BERGMAN,Inglês,4.99,Jon,Stephens
AGNES,BISHOP,"PAYCHECK WAIT",Drama,RUSSELL,BACALL,Inglês,4.99,Jon,Stephens
AGNES,BISHOP,"QUEST MUSSOLINI",Action,GARY,PENN,Inglês,2.99,Jon,Stephens
AGNES,BISHOP,"QUEST MUSSOLINI",Action,JAYNE,NEESON,Inglês,2.99,Jon,Stephens
AGNES,BISHOP,"QUEST MUSSOLINI",Action,JUDE,CRUISE,Inglês,2.99,Jon,Stephens
AGNES,BISHOP,"QUEST MUSSOLINI",Action,JUDY,DEAN,Inglês,2.99,Jon,Stephens
AGNES,BISHOP,"QUEST MUSSOLINI",Action,RENEE,TRACY,Inglês,2.99,Jon,Stephens
AGNES,BISHOP,"ROCKY WAR",Drama,PENELOPE,CRONYN,Inglês,6.99,Jon,Stephens
AGNES,BISHOP,"ROCKY WAR",Drama,RENEE,TRACY,Inglês,6.99,Jon,Stephens
AGNES,BISHOP,"ROCKY WAR",Drama,SISSY,SOBIESKI,Inglês,6.99,Jon,Stephens
AGNES,BISHOP,"TORQUE BOUND",Drama,ADAM,HOPPER,Inglês,8.99,Jon,Stephens
AGNES,BISHOP,"TORQUE BOUND",Drama,GENE,HOPKINS,Inglês,8.99,Jon,Stephens
AGNES,BISHOP,"TORQUE BOUND",Drama,KENNETH,HOFFMAN,Inglês,8.99,Jon,Stephens
AGNES,BISHOP,"TORQUE BOUND",Drama,NATALIE,HOPKINS,Inglês,8.99,Jon,Stephens
AGNES,BISHOP,"TORQUE BOUND",Drama,UMA,WOOD,Inglês,8.99,Jon,Stephens
AGNES,BISHOP,"TOWERS HURRICANE",Classics,ADAM,HOPPER,Inglês,2.99,Mike,Hillyer
AGNES,BISHOP,"TOWERS HURRICANE",Classics,CATE,MCQUEEN,Inglês,2.99,Mike,Hillyer
AGNES,BISHOP,"TOWERS HURRICANE",Classics,CUBA,BIRCH,Inglês,2.99,Mike,Hillyer
AGNES,BISHOP,"TOWERS HURRICANE",Classics,RUSSELL,TEMPLE,Inglês,2.99,Mike,Hillyer
ALAN,KAHN,"AGENT TRUMAN",Foreign,JAYNE,NEESON,Inglês,3.99,Jon,Stephens
ALAN,KAHN,"AGENT TRUMAN",Foreign,KENNETH,HOFFMAN,Inglês,3.99,Jon,Stephens
ALAN,KAHN,"AGENT TRUMAN",Foreign,KIRSTEN,PALTROW,Inglês,3.99,Jon,Stephens
ALAN,KAHN,"AGENT TRUMAN",Foreign,MORGAN,WILLIAMS,Inglês,3.99,Jon,Stephens
ALAN,KAHN,"AGENT TRUMAN",Foreign,REESE,WEST,Inglês,3.99,Jon,Stephens
ALAN,KAHN,"AGENT TRUMAN",Foreign,SANDRA,KILMER,Inglês,3.99,Jon,Stephens
ALAN,KAHN,"AGENT TRUMAN",Foreign,WARREN,NOLTE,Inglês,3.99,Jon,Stephens
ALAN,KAHN,"BANGER PINOCCHIO",Music,AUDREY,BAILEY,Inglês,2.99,Mike,Hillyer
ALAN,KAHN,"BANGER PINOCCHIO",Music,DUSTIN,TAUTOU,Inglês,2.99,Mike,Hillyer
ALAN,KAHN,"BANGER PINOCCHIO",Music,GENE,WILLIS,Inglês,2.99,Mike,Hillyer
ALAN,KAHN,"BANGER PINOCCHIO",Music,JAYNE,NEESON,Inglês,2.99,Mike,Hillyer
ALAN,KAHN,"BANGER PINOCCHIO",Music,JOHNNY,LOLLOBRIGIDA,Inglês,2.99,Mike,Hillyer
ALAN,KAHN,"BANGER PINOCCHIO",Music,LUCILLE,TRACY,Inglês,2.99,Mike,Hillyer
ALAN,KAHN,"CHILL LUCK",Drama,BURT,POSEY,Inglês,3.99,Mike,Hillyer
ALAN,KAHN,"CHILL LUCK",Drama,MARY,TANDY,Inglês,3.99,Mike,Hillyer
ALAN,KAHN,"CHILL LUCK",Drama,MEG,HAWKE,Inglês,3.99,Mike,Hillyer
ALAN,KAHN,"CHILL LUCK",Drama,WARREN,JACKMAN,Inglês,3.99,Mike,Hillyer
ALAN,KAHN,"CHILL LUCK",Drama,WOODY,JOLIE,Inglês,3.99,Mike,Hillyer
ALAN,KAHN,"DIARY PANIC",Drama,DARYL,CRAWFORD,Inglês,2.99,Jon,Stephens
ALAN,KAHN,"DIARY PANIC",Drama,JODIE,DEGENERES,Inglês,2.99,Jon,Stephens
ALAN,KAHN,"DIARY PANIC",Drama,MAE,HOFFMAN,Inglês,2.99,Jon,Stephens
ALAN,KAHN,"DIARY PANIC",Drama,MARY,TANDY,Inglês,2.99,Jon,Stephens
ALAN,KAHN,"DYNAMITE TARZAN",Classics,BOB,FAWCETT,Inglês,4.99,Mike,Hillyer
ALAN,KAHN,"DYNAMITE TARZAN",Classics,CHARLIZE,DENCH,Inglês,4.99,Mike,Hillyer
ALAN,KAHN,"DYNAMITE TARZAN",Classics,CUBA,BIRCH,Inglês,4.99,Mike,Hillyer
ALAN,KAHN,"DYNAMITE TARZAN",Classics,EWAN,GOODING,Inglês,4.99,Mike,Hillyer
ALAN,KAHN,"DYNAMITE TARZAN",Classics,JULIANNE,DENCH,Inglês,4.99,Mike,Hillyer
ALAN,KAHN,"GOSFORD DONNIE",Action,ANGELA,HUDSON,Inglês,4.99,Jon,Stephens
ALAN,KAHN,"GOSFORD DONNIE",Action,HUMPHREY,GARLAND,Inglês,4.99,Jon,Stephens
ALAN,KAHN,"GOSFORD DONNIE",Action,JADA,RYDER,Inglês,4.99,Jon,Stephens
ALAN,KAHN,"HOLLOW JEOPARDY",Sci-Fi,EMILY,DEE,Inglês,4.99,Mike,Hillyer
ALAN,KAHN,"HOLLOW JEOPARDY",Sci-Fi,JULIA,ZELLWEGER,Inglês,4.99,Mike,Hillyer
ALAN,KAHN,"HOLOCAUST HIGHBALL",Children,CARMEN,HUNT,Inglês,0.99,Jon,Stephens
ALAN,KAHN,"HOLOCAUST HIGHBALL",Children,DARYL,WAHLBERG,Inglês,0.99,Jon,Stephens
ALAN,KAHN,"HOLOCAUST HIGHBALL",Children,MARY,TANDY,Inglês,0.99,Jon,Stephens
ALAN,KAHN,"HOLOCAUST HIGHBALL",Children,PENELOPE,MONROE,Inglês,0.99,Jon,Stephens
ALAN,KAHN,"HOLOCAUST HIGHBALL",Children,WILLIAM,HACKMAN,Inglês,0.99,Jon,Stephens
ALAN,KAHN,"JOON NORTHWEST",Sports,ALEC,WAYNE,Inglês,6.99,Jon,Stephens
ALAN,KAHN,"JOON NORTHWEST",Sports,CHARLIZE,DENCH,Inglês,6.99,Jon,Stephens
ALAN,KAHN,"LADYBUGS ARMAGEDDON",Games,GRETA,KEITEL,Inglês,4.99,Jon,Stephens
ALAN,KAHN,"LADYBUGS ARMAGEDDON",Games,KIRSTEN,PALTROW,Inglês,4.99,Jon,Stephens
ALAN,KAHN,"LADYBUGS ARMAGEDDON",Games,MATTHEW,CARREY,Inglês,4.99,Jon,Stephens
ALAN,KAHN,"LADYBUGS ARMAGEDDON",Games,WARREN,NOLTE,Inglês,4.99,Jon,Stephens
ALAN,KAHN,"PATTON INTERVIEW",Horror,CATE,MCQUEEN,Inglês,3.99,Mike,Hillyer
ALAN,KAHN,"PATTON INTERVIEW",Horror,GEOFFREY,HESTON,Inglês,3.99,Mike,Hillyer
ALAN,KAHN,"PATTON INTERVIEW",Horror,HENRY,BERRY,Inglês,3.99,Mike,Hillyer
ALAN,KAHN,"PATTON INTERVIEW",Horror,JOHNNY,LOLLOBRIGIDA,Inglês,3.99,Mike,Hillyer
ALAN,KAHN,"PATTON INTERVIEW",Horror,MICHAEL,BOLGER,Inglês,3.99,Mike,Hillyer
ALAN,KAHN,"PATTON INTERVIEW",Horror,RIP,WINSLET,Inglês,3.99,Mike,Hillyer
ALAN,KAHN,"PATTON INTERVIEW",Horror,SEAN,WILLIAMS,Inglês,3.99,Mike,Hillyer
ALAN,KAHN,"PATTON INTERVIEW",Horror,TOM,MIRANDA,Inglês,3.99,Mike,Hillyer
ALAN,KAHN,"PATTON INTERVIEW",Horror,WHOOPI,HURT,Inglês,3.99,Mike,Hillyer
ALAN,KAHN,"POND SEATTLE",Animation,DARYL,WAHLBERG,Inglês,2.99,Jon,Stephens
ALAN,KAHN,"POND SEATTLE",Animation,GENE,HOPKINS,Inglês,2.99,Jon,Stephens
ALAN,KAHN,"POND SEATTLE",Animation,RIVER,DEAN,Inglês,2.99,Jon,Stephens
ALAN,KAHN,"PREJUDICE OLEANDER",Classics,ANGELA,HUDSON,Inglês,4.99,Jon,Stephens
ALAN,KAHN,"PREJUDICE OLEANDER",Classics,CARY,MCCONAUGHEY,Inglês,4.99,Jon,Stephens
ALAN,KAHN,"PREJUDICE OLEANDER",Classics,CHRISTIAN,GABLE,Inglês,4.99,Jon,Stephens
ALAN,KAHN,"PREJUDICE OLEANDER",Classics,DUSTIN,TAUTOU,Inglês,4.99,Jon,Stephens
ALAN,KAHN,"PREJUDICE OLEANDER",Classics,KENNETH,HOFFMAN,Inglês,4.99,Jon,Stephens
ALAN,KAHN,"PREJUDICE OLEANDER",Classics,MICHAEL,BOLGER,Inglês,4.99,Jon,Stephens
ALAN,KAHN,"PREJUDICE OLEANDER",Classics,MILLA,PECK,Inglês,4.99,Jon,Stephens
ALAN,KAHN,"PREJUDICE OLEANDER",Classics,RAY,JOHANSSON,Inglês,4.99,Jon,Stephens
ALAN,KAHN,"PREJUDICE OLEANDER",Classics,SYLVESTER,DERN,Inglês,4.99,Jon,Stephens
ALAN,KAHN,"PREJUDICE OLEANDER",Classics,VAL,BOLGER,Inglês,4.99,Jon,Stephens
ALAN,KAHN,"REDEMPTION COMFORTS",New,ALBERT,JOHANSSON,Inglês,5.99,Mike,Hillyer
ALAN,KAHN,"REDEMPTION COMFORTS",New,AUDREY,OLIVIER,Inglês,5.99,Mike,Hillyer
ALAN,KAHN,"REDEMPTION COMFORTS",New,DEBBIE,AKROYD,Inglês,5.99,Mike,Hillyer
ALAN,KAHN,"REDEMPTION COMFORTS",New,KENNETH,PALTROW,Inglês,5.99,Mike,Hillyer
ALAN,KAHN,"REDEMPTION COMFORTS",New,MILLA,KEITEL,Inglês,5.99,Mike,Hillyer
ALAN,KAHN,"ROSES TREASURE",Sports,BURT,TEMPLE,Inglês,4.99,Mike,Hillyer
ALAN,KAHN,"ROSES TREASURE",Sports,CUBA,OLIVIER,Inglês,4.99,Mike,Hillyer
ALAN,KAHN,"ROSES TREASURE",Sports,HUMPHREY,GARLAND,Inglês,4.99,Mike,Hillyer
ALAN,KAHN,"ROSES TREASURE",Sports,MARY,KEITEL,Inglês,4.99,Mike,Hillyer
ALAN,KAHN,"ROSES TREASURE",Sports,MORGAN,WILLIAMS,Inglês,4.99,Mike,Hillyer
ALAN,KAHN,"SEABISCUIT PUNK",Sports,ADAM,GRANT,Inglês,2.99,Mike,Hillyer
ALAN,KAHN,"SEABISCUIT PUNK",Sports,ROCK,DUKAKIS,Inglês,2.99,Mike,Hillyer
ALAN,KAHN,"SEABISCUIT PUNK",Sports,SEAN,WILLIAMS,Inglês,2.99,Mike,Hillyer
ALAN,KAHN,"SECRETS PARADISE",Family,GENE,WILLIS,Inglês,8.99,Jon,Stephens
ALAN,KAHN,"SECRETS PARADISE",Family,KENNETH,HOFFMAN,Inglês,8.99,Jon,Stephens
ALAN,KAHN,"SECRETS PARADISE",Family,REESE,KILMER,Inglês,8.99,Jon,Stephens
ALAN,KAHN,"SECRETS PARADISE",Family,RENEE,TRACY,Inglês,8.99,Jon,Stephens
ALAN,KAHN,"SECRETS PARADISE",Family,WHOOPI,HURT,Inglês,8.99,Jon,Stephens
ALAN,KAHN,"SECRETS PARADISE",Family,WILLIAM,HACKMAN,Inglês,8.99,Jon,Stephens
ALAN,KAHN,"TOMORROW HUSTLER",Classics,GARY,PHOENIX,Inglês,4.99,Mike,Hillyer
ALAN,KAHN,"TOMORROW HUSTLER",Classics,GEOFFREY,HESTON,Inglês,4.99,Mike,Hillyer
ALAN,KAHN,"TOMORROW HUSTLER",Classics,MATTHEW,JOHANSSON,Inglês,4.99,Mike,Hillyer
ALAN,KAHN,"TOMORROW HUSTLER",Classics,MATTHEW,LEIGH,Inglês,4.99,Mike,Hillyer
ALAN,KAHN,"TOMORROW HUSTLER",Classics,MINNIE,ZELLWEGER,Inglês,4.99,Mike,Hillyer
ALAN,KAHN,"TOMORROW HUSTLER",Classics,REESE,KILMER,Inglês,4.99,Mike,Hillyer
ALAN,KAHN,"WORLD LEATHERNECKS",Horror,CHRIS,BRIDGES,Inglês,0.99,Mike,Hillyer
ALAN,KAHN,"WORLD LEATHERNECKS",Horror,CHRISTIAN,NEESON,Inglês,0.99,Mike,Hillyer
ALAN,KAHN,"WORLD LEATHERNECKS",Horror,DEBBIE,AKROYD,Inglês,0.99,Mike,Hillyer
ALAN,KAHN,"WORLD LEATHERNECKS",Horror,GARY,PHOENIX,Inglês,0.99,Mike,Hillyer
ALAN,KAHN,"WORLD LEATHERNECKS",Horror,JAYNE,NEESON,Inglês,0.99,Mike,Hillyer
ALAN,KAHN,"WORLD LEATHERNECKS",Horror,PENELOPE,PINKETT,Inglês,0.99,Mike,Hillyer
ALAN,KAHN,"WORLD LEATHERNECKS",Horror,SIDNEY,CROWE,Inglês,0.99,Mike,Hillyer
ALAN,KAHN,"WORLD LEATHERNECKS",Horror,VIVIEN,BASINGER,Inglês,0.99,Mike,Hillyer
ALBERT,CROUSE,"APACHE DIVINE",Family,ANNE,CRONYN,Inglês,4.99,Jon,Stephens
ALBERT,CROUSE,"APACHE DIVINE",Family,CUBA,OLIVIER,Inglês,4.99,Jon,Stephens
ALBERT,CROUSE,"APACHE DIVINE",Family,HENRY,BERRY,Inglês,4.99,Jon,Stephens
ALBERT,CROUSE,"APACHE DIVINE",Family,NICK,WAHLBERG,Inglês,4.99,Jon,Stephens
ALBERT,CROUSE,"BANGER PINOCCHIO",Music,AUDREY,BAILEY,Inglês,2.99,Jon,Stephens
ALBERT,CROUSE,"BANGER PINOCCHIO",Music,DUSTIN,TAUTOU,Inglês,2.99,Jon,Stephens
ALBERT,CROUSE,"BANGER PINOCCHIO",Music,GENE,WILLIS,Inglês,2.99,Jon,Stephens
ALBERT,CROUSE,"BANGER PINOCCHIO",Music,JAYNE,NEESON,Inglês,2.99,Jon,Stephens
ALBERT,CROUSE,"BANGER PINOCCHIO",Music,JOHNNY,LOLLOBRIGIDA,Inglês,2.99,Jon,Stephens
ALBERT,CROUSE,"BANGER PINOCCHIO",Music,LUCILLE,TRACY,Inglês,2.99,Jon,Stephens
ALBERT,CROUSE,"BOOGIE AMELIE",Music,GENE,MCKELLEN,Inglês,4.99,Mike,Hillyer
ALBERT,CROUSE,"BOOGIE AMELIE",Music,GROUCHO,SINATRA,Inglês,4.99,Mike,Hillyer
ALBERT,CROUSE,"BOOGIE AMELIE",Music,JODIE,DEGENERES,Inglês,4.99,Mike,Hillyer
ALBERT,CROUSE,"BOOGIE AMELIE",Music,KEVIN,BLOOM,Inglês,4.99,Mike,Hillyer
ALBERT,CROUSE,"BOOGIE AMELIE",Music,MERYL,ALLEN,Inglês,4.99,Mike,Hillyer
ALBERT,CROUSE,"BOOGIE AMELIE",Music,NICK,DEGENERES,Inglês,4.99,Mike,Hillyer
ALBERT,CROUSE,"CALENDAR GUNFIGHT",Foreign,BETTE,NICHOLSON,Inglês,4.99,Jon,Stephens
ALBERT,CROUSE,"CALENDAR GUNFIGHT",Foreign,CAMERON,STREEP,Inglês,4.99,Jon,Stephens
ALBERT,CROUSE,"CALENDAR GUNFIGHT",Foreign,GARY,PHOENIX,Inglês,4.99,Jon,Stephens
ALBERT,CROUSE,"CALENDAR GUNFIGHT",Foreign,GINA,DEGENERES,Inglês,4.99,Jon,Stephens
ALBERT,CROUSE,"CALENDAR GUNFIGHT",Foreign,GRETA,KEITEL,Inglês,4.99,Jon,Stephens
ALBERT,CROUSE,"CALENDAR GUNFIGHT",Foreign,MILLA,PECK,Inglês,4.99,Jon,Stephens
ALBERT,CROUSE,"CALENDAR GUNFIGHT",Foreign,TIM,HACKMAN,Inglês,4.99,Jon,Stephens
ALBERT,CROUSE,"CALENDAR GUNFIGHT",Foreign,WHOOPI,HURT,Inglês,4.99,Jon,Stephens
ALBERT,CROUSE,"CHISUM BEHAVIOR",Family,FAY,WINSLET,Inglês,4.99,Jon,Stephens
ALBERT,CROUSE,"CHISUM BEHAVIOR",Family,GENE,HOPKINS,Inglês,4.99,Jon,Stephens
ALBERT,CROUSE,"CHISUM BEHAVIOR",Family,JULIA,FAWCETT,Inglês,4.99,Jon,Stephens
ALBERT,CROUSE,"CHISUM BEHAVIOR",Family,NICK,WAHLBERG,Inglês,4.99,Jon,Stephens
ALBERT,CROUSE,"CROW GREASE",Action,CAMERON,STREEP,Inglês,0.99,Mike,Hillyer
ALBERT,CROUSE,"CROW GREASE",Action,CAMERON,ZELLWEGER,Inglês,0.99,Mike,Hillyer
ALBERT,CROUSE,"CROW GREASE",Action,CHRIS,BRIDGES,Inglês,0.99,Mike,Hillyer
ALBERT,CROUSE,"CROW GREASE",Action,FRANCES,TOMEI,Inglês,0.99,Mike,Hillyer
ALBERT,CROUSE,"CROW GREASE",Action,GROUCHO,DUNST,Inglês,0.99,Mike,Hillyer
ALBERT,CROUSE,"CROW GREASE",Action,JODIE,DEGENERES,Inglês,0.99,Mike,Hillyer
ALBERT,CROUSE,"CROW GREASE",Action,LISA,MONROE,Inglês,0.99,Mike,Hillyer
ALBERT,CROUSE,"CROW GREASE",Action,MORGAN,MCDORMAND,Inglês,0.99,Mike,Hillyer
ALBERT,CROUSE,"CROW GREASE",Action,SCARLETT,DAMON,Inglês,0.99,Mike,Hillyer
ALBERT,CROUSE,"CROW GREASE",Action,WALTER,TORN,Inglês,0.99,Mike,Hillyer
ALBERT,CROUSE,"EXPRESS LONELY",Sci-Fi,ALBERT,JOHANSSON,Inglês,6.99,Mike,Hillyer
ALBERT,CROUSE,"EXPRESS LONELY",Sci-Fi,ALEC,WAYNE,Inglês,6.99,Mike,Hillyer
ALBERT,CROUSE,"EXPRESS LONELY",Sci-Fi,GREGORY,GOODING,Inglês,6.99,Mike,Hillyer
ALBERT,CROUSE,"EXPRESS LONELY",Sci-Fi,MINNIE,ZELLWEGER,Inglês,6.99,Mike,Hillyer
ALBERT,CROUSE,"EXPRESS LONELY",Sci-Fi,OLYMPIA,PFEIFFER,Inglês,6.99,Mike,Hillyer
ALBERT,CROUSE,"EXPRESS LONELY",Sci-Fi,PARKER,GOLDBERG,Inglês,6.99,Mike,Hillyer
ALBERT,CROUSE,"EXPRESS LONELY",Sci-Fi,RIP,WINSLET,Inglês,6.99,Mike,Hillyer
ALBERT,CROUSE,"EXPRESS LONELY",Sci-Fi,SEAN,WILLIAMS,Inglês,6.99,Mike,Hillyer
ALBERT,CROUSE,"GATHERING CALENDAR",Games,BURT,TEMPLE,Inglês,0.99,Mike,Hillyer
ALBERT,CROUSE,"GATHERING CALENDAR",Games,MERYL,ALLEN,Inglês,0.99,Mike,Hillyer
ALBERT,CROUSE,"GATHERING CALENDAR",Games,MICHAEL,BENING,Inglês,0.99,Mike,Hillyer
ALBERT,CROUSE,"HARRY IDAHO",Drama,CAMERON,ZELLWEGER,Inglês,4.99,Mike,Hillyer
ALBERT,CROUSE,"HARRY IDAHO",Drama,FAY,KILMER,Inglês,4.99,Mike,Hillyer
ALBERT,CROUSE,"HARRY IDAHO",Drama,JAYNE,SILVERSTONE,Inglês,4.99,Mike,Hillyer
ALBERT,CROUSE,"HARRY IDAHO",Drama,LUCILLE,DEE,Inglês,4.99,Mike,Hillyer
ALBERT,CROUSE,"HARRY IDAHO",Drama,MATTHEW,CARREY,Inglês,4.99,Mike,Hillyer
ALBERT,CROUSE,"HARRY IDAHO",Drama,MORGAN,HOPKINS,Inglês,4.99,Mike,Hillyer
ALBERT,CROUSE,"HOME PITY",Music,AUDREY,BAILEY,Inglês,5.99,Mike,Hillyer
ALBERT,CROUSE,"HOME PITY",Music,BURT,DUKAKIS,Inglês,5.99,Mike,Hillyer
ALBERT,CROUSE,"HOME PITY",Music,CHRISTIAN,AKROYD,Inglês,5.99,Mike,Hillyer
ALBERT,CROUSE,"HOME PITY",Music,JOHN,SUVARI,Inglês,5.99,Mike,Hillyer
ALBERT,CROUSE,"HOME PITY",Music,KIRSTEN,PALTROW,Inglês,5.99,Mike,Hillyer
ALBERT,CROUSE,"HOME PITY",Music,NICK,DEGENERES,Inglês,5.99,Mike,Hillyer
ALBERT,CROUSE,"MUMMY CREATURES",Sports,ANGELINA,ASTAIRE,Inglês,5.99,Jon,Stephens
ALBERT,CROUSE,"MUMMY CREATURES",Sports,AUDREY,BAILEY,Inglês,5.99,Jon,Stephens
ALBERT,CROUSE,"MUMMY CREATURES",Sports,DAN,STREEP,Inglês,5.99,Jon,Stephens
ALBERT,CROUSE,"MUMMY CREATURES",Sports,GINA,DEGENERES,Inglês,5.99,Jon,Stephens
ALBERT,CROUSE,"MUMMY CREATURES",Sports,GOLDIE,BRODY,Inglês,5.99,Jon,Stephens
ALBERT,CROUSE,"MUMMY CREATURES",Sports,HELEN,VOIGHT,Inglês,5.99,Jon,Stephens
ALBERT,CROUSE,"MUMMY CREATURES",Sports,KEVIN,BLOOM,Inglês,5.99,Jon,Stephens
ALBERT,CROUSE,"MUMMY CREATURES",Sports,ROCK,DUKAKIS,Inglês,5.99,Jon,Stephens
ALBERT,CROUSE,"MUMMY CREATURES",Sports,RUSSELL,BACALL,Inglês,5.99,Jon,Stephens
ALBERT,CROUSE,"MUMMY CREATURES",Sports,SIDNEY,CROWE,Inglês,5.99,Jon,Stephens
ALBERT,CROUSE,"MUMMY CREATURES",Sports,SPENCER,PECK,Inglês,5.99,Jon,Stephens
ALBERT,CROUSE,"MUMMY CREATURES",Sports,TIM,HACKMAN,Inglês,5.99,Jon,Stephens
ALBERT,CROUSE,"MUMMY CREATURES",Sports,WALTER,TORN,Inglês,5.99,Jon,Stephens
ALBERT,CROUSE,"MUSSOLINI SPOILERS",Sports,CARY,MCCONAUGHEY,Inglês,2.99,Jon,Stephens
ALBERT,CROUSE,"MUSSOLINI SPOILERS",Sports,DAN,TORN,Inglês,2.99,Jon,Stephens
ALBERT,CROUSE,"MUSSOLINI SPOILERS",Sports,FAY,KILMER,Inglês,2.99,Jon,Stephens
ALBERT,CROUSE,"MUSSOLINI SPOILERS",Sports,JUDY,DEAN,Inglês,2.99,Jon,Stephens
ALBERT,CROUSE,"MUSSOLINI SPOILERS",Sports,KENNETH,PALTROW,Inglês,2.99,Jon,Stephens
ALBERT,CROUSE,"MUSSOLINI SPOILERS",Sports,OPRAH,KILMER,Inglês,2.99,Jon,Stephens
ALBERT,CROUSE,"MUSSOLINI SPOILERS",Sports,VIVIEN,BERGEN,Inglês,2.99,Jon,Stephens
ALBERT,CROUSE,"NASH CHOCOLAT",Animation,ANGELA,HUDSON,Inglês,2.99,Jon,Stephens
ALBERT,CROUSE,"NASH CHOCOLAT",Animation,BELA,WALKEN,Inglês,2.99,Jon,Stephens
ALBERT,CROUSE,"NASH CHOCOLAT",Animation,BEN,HARRIS,Inglês,2.99,Jon,Stephens
ALBERT,CROUSE,"NASH CHOCOLAT",Animation,BEN,WILLIS,Inglês,2.99,Jon,Stephens
ALBERT,CROUSE,"NASH CHOCOLAT",Animation,HARRISON,BALE,Inglês,2.99,Jon,Stephens
ALBERT,CROUSE,"NASH CHOCOLAT",Animation,HUMPHREY,GARLAND,Inglês,2.99,Jon,Stephens
ALBERT,CROUSE,"NASH CHOCOLAT",Animation,JUDY,DEAN,Inglês,2.99,Jon,Stephens
ALBERT,CROUSE,"OPUS ICE",Foreign,DARYL,CRAWFORD,Inglês,4.99,Jon,Stephens
ALBERT,CROUSE,"OPUS ICE",Foreign,HUMPHREY,GARLAND,Inglês,4.99,Jon,Stephens
ALBERT,CROUSE,"OPUS ICE",Foreign,JULIA,FAWCETT,Inglês,4.99,Jon,Stephens
ALBERT,CROUSE,"OPUS ICE",Foreign,SEAN,WILLIAMS,Inglês,4.99,Jon,Stephens
ALBERT,CROUSE,"OTHERS SOUP",Travel,BURT,POSEY,Inglês,2.99,Jon,Stephens
ALBERT,CROUSE,"OTHERS SOUP",Travel,FRANCES,DAY-LEWIS,Inglês,2.99,Jon,Stephens
ALBERT,CROUSE,"OTHERS SOUP",Travel,NATALIE,HOPKINS,Inglês,2.99,Jon,Stephens
ALBERT,CROUSE,"OTHERS SOUP",Travel,OLYMPIA,PFEIFFER,Inglês,2.99,Jon,Stephens
ALBERT,CROUSE,"SAGEBRUSH CLUELESS",Documentary,ALAN,DREYFUSS,Inglês,7.99,Jon,Stephens
ALBERT,CROUSE,"SAGEBRUSH CLUELESS",Documentary,FRANCES,DAY-LEWIS,Inglês,7.99,Jon,Stephens
ALBERT,CROUSE,"SAGEBRUSH CLUELESS",Documentary,IAN,TANDY,Inglês,7.99,Jon,Stephens
ALBERT,CROUSE,"SAGEBRUSH CLUELESS",Documentary,LUCILLE,TRACY,Inglês,7.99,Jon,Stephens
ALBERT,CROUSE,"SAGEBRUSH CLUELESS",Documentary,MEG,HAWKE,Inglês,7.99,Jon,Stephens
ALBERT,CROUSE,"SAGEBRUSH CLUELESS",Documentary,MORGAN,MCDORMAND,Inglês,7.99,Jon,Stephens
ALBERT,CROUSE,"SAGEBRUSH CLUELESS",Documentary,SEAN,WILLIAMS,Inglês,7.99,Jon,Stephens
ALBERTO,HENNING,"BEAUTY GREASE",Drama,CAMERON,ZELLWEGER,Inglês,4.99,Jon,Stephens
ALBERTO,HENNING,"BEAUTY GREASE",Drama,ED,MANSFIELD,Inglês,4.99,Jon,Stephens
ALBERTO,HENNING,"BEAUTY GREASE",Drama,LUCILLE,DEE,Inglês,4.99,Jon,Stephens
ALBERTO,HENNING,"BEAUTY GREASE",Drama,MICHAEL,BENING,Inglês,4.99,Jon,Stephens
ALBERTO,HENNING,"BEAUTY GREASE",Drama,NICK,DEGENERES,Inglês,4.99,Jon,Stephens
ALBERTO,HENNING,"CAPER MOTIONS",Comedy,AUDREY,OLIVIER,Inglês,1.99,Mike,Hillyer
ALBERTO,HENNING,"CAPER MOTIONS",Comedy,BURT,TEMPLE,Inglês,1.99,Mike,Hillyer
ALBERTO,HENNING,"CAPER MOTIONS",Comedy,CATE,MCQUEEN,Inglês,1.99,Mike,Hillyer
ALBERTO,HENNING,"CAPER MOTIONS",Comedy,CHRISTIAN,AKROYD,Inglês,1.99,Mike,Hillyer
ALBERTO,HENNING,"CAPER MOTIONS",Comedy,HELEN,VOIGHT,Inglês,1.99,Mike,Hillyer
ALBERTO,HENNING,"CAPER MOTIONS",Comedy,KEVIN,GARLAND,Inglês,1.99,Mike,Hillyer
ALBERTO,HENNING,"CAPER MOTIONS",Comedy,VAL,BOLGER,Inglês,1.99,Mike,Hillyer
ALBERTO,HENNING,"CAT CONEHEADS",Comedy,ANGELA,WITHERSPOON,Inglês,4.99,Mike,Hillyer
ALBERTO,HENNING,"CAT CONEHEADS",Comedy,HELEN,VOIGHT,Inglês,4.99,Mike,Hillyer
ALBERTO,HENNING,"CAT CONEHEADS",Comedy,LAURA,BRODY,Inglês,4.99,Mike,Hillyer
ALBERTO,HENNING,"CAT CONEHEADS",Comedy,RENEE,BALL,Inglês,4.99,Mike,Hillyer
ALBERTO,HENNING,"CAUSE DATE",Documentary,DUSTIN,TAUTOU,Inglês,5.99,Jon,Stephens
ALBERTO,HENNING,"CAUSE DATE",Documentary,JAYNE,NEESON,Inglês,5.99,Jon,Stephens
ALBERTO,HENNING,"CAUSE DATE",Documentary,JAYNE,SILVERSTONE,Inglês,5.99,Jon,Stephens
ALBERTO,HENNING,"CAUSE DATE",Documentary,PENELOPE,PINKETT,Inglês,5.99,Jon,Stephens
ALBERTO,HENNING,"CAUSE DATE",Documentary,REESE,WEST,Inglês,5.99,Jon,Stephens
ALBERTO,HENNING,"CAUSE DATE",Documentary,WILLIAM,HACKMAN,Inglês,5.99,Jon,Stephens
ALBERTO,HENNING,"CLUELESS BUCKET",Action,ADAM,HOPPER,Inglês,2.99,Jon,Stephens
ALBERTO,HENNING,"CLUELESS BUCKET",Action,ALAN,DREYFUSS,Inglês,2.99,Jon,Stephens
ALBERTO,HENNING,"CLUELESS BUCKET",Action,CAMERON,ZELLWEGER,Inglês,2.99,Jon,Stephens
ALBERTO,HENNING,"CLUELESS BUCKET",Action,CHARLIZE,DENCH,Inglês,2.99,Jon,Stephens
ALBERTO,HENNING,"CLUELESS BUCKET",Action,GINA,DEGENERES,Inglês,2.99,Jon,Stephens
ALBERTO,HENNING,"CLUELESS BUCKET",Action,JON,CHASE,Inglês,2.99,Jon,Stephens
ALBERTO,HENNING,"CLUELESS BUCKET",Action,MORGAN,MCDORMAND,Inglês,2.99,Jon,Stephens
ALBERTO,HENNING,"CLUELESS BUCKET",Action,UMA,WOOD,Inglês,2.99,Jon,Stephens
ALBERTO,HENNING,"DRIVING POLISH",Music,MATTHEW,JOHANSSON,Inglês,4.99,Mike,Hillyer
ALBERTO,HENNING,"DRIVING POLISH",Music,NICK,DEGENERES,Inglês,4.99,Mike,Hillyer
ALBERTO,HENNING,"DRIVING POLISH",Music,PENELOPE,MONROE,Inglês,4.99,Mike,Hillyer
ALBERTO,HENNING,"DRIVING POLISH",Music,RIP,WINSLET,Inglês,4.99,Mike,Hillyer
ALBERTO,HENNING,"DRIVING POLISH",Music,SUSAN,DAVIS,Inglês,4.99,Mike,Hillyer
ALBERTO,HENNING,"DRIVING POLISH",Music,VIVIEN,BERGEN,Inglês,4.99,Mike,Hillyer
ALBERTO,HENNING,"DRIVING POLISH",Music,WILL,WILSON,Inglês,4.99,Mike,Hillyer
ALBERTO,HENNING,"FINDING ANACONDA",Family,CUBA,BIRCH,Inglês,0.99,Jon,Stephens
ALBERTO,HENNING,"FINDING ANACONDA",Family,FRANCES,DAY-LEWIS,Inglês,0.99,Jon,Stephens
ALBERTO,HENNING,"FINDING ANACONDA",Family,MATTHEW,LEIGH,Inglês,0.99,Jon,Stephens
ALBERTO,HENNING,"FINDING ANACONDA",Family,RIP,WINSLET,Inglês,0.99,Jon,Stephens
ALBERTO,HENNING,"FINDING ANACONDA",Family,SIDNEY,CROWE,Inglês,0.99,Jon,Stephens
ALBERTO,HENNING,"FREAKY POCUS",Music,FAY,WINSLET,Inglês,2.99,Mike,Hillyer
ALBERTO,HENNING,"FREAKY POCUS",Music,KEVIN,GARLAND,Inglês,2.99,Mike,Hillyer
ALBERTO,HENNING,"FREAKY POCUS",Music,MATTHEW,LEIGH,Inglês,2.99,Mike,Hillyer
ALBERTO,HENNING,"FREAKY POCUS",Music,SIDNEY,CROWE,Inglês,2.99,Mike,Hillyer
ALBERTO,HENNING,"FREAKY POCUS",Music,TOM,MIRANDA,Inglês,2.99,Mike,Hillyer
ALBERTO,HENNING,"GUN BONNIE",Games,BURT,DUKAKIS,Inglês,0.99,Jon,Stephens
ALBERTO,HENNING,"GUN BONNIE",Games,GROUCHO,SINATRA,Inglês,0.99,Jon,Stephens
ALBERTO,HENNING,"GUN BONNIE",Games,IAN,TANDY,Inglês,0.99,Jon,Stephens
ALBERTO,HENNING,"GUN BONNIE",Games,MATTHEW,CARREY,Inglês,0.99,Jon,Stephens
ALBERTO,HENNING,"GUN BONNIE",Games,WILL,WILSON,Inglês,0.99,Jon,Stephens
ALBERTO,HENNING,"KANE EXORCIST",Foreign,AUDREY,OLIVIER,Inglês,0.99,Jon,Stephens
ALBERTO,HENNING,"KANE EXORCIST",Foreign,BURT,DUKAKIS,Inglês,0.99,Jon,Stephens
ALBERTO,HENNING,"KANE EXORCIST",Foreign,CHRISTOPHER,BERRY,Inglês,0.99,Jon,Stephens
ALBERTO,HENNING,"KANE EXORCIST",Foreign,GROUCHO,WILLIAMS,Inglês,0.99,Jon,Stephens
ALBERTO,HENNING,"KANE EXORCIST",Foreign,HENRY,BERRY,Inglês,0.99,Jon,Stephens
ALBERTO,HENNING,"LOVE SUICIDES",Horror,CHRISTIAN,NEESON,Inglês,0.99,Mike,Hillyer
ALBERTO,HENNING,"LOVE SUICIDES",Horror,GRETA,MALDEN,Inglês,0.99,Mike,Hillyer
ALBERTO,HENNING,"LOVE SUICIDES",Horror,JOHNNY,LOLLOBRIGIDA,Inglês,0.99,Mike,Hillyer
ALBERTO,HENNING,"LOVE SUICIDES",Horror,TOM,MIRANDA,Inglês,0.99,Mike,Hillyer
ALBERTO,HENNING,"PACIFIC AMISTAD",Documentary,ANGELINA,ASTAIRE,Inglês,0.99,Jon,Stephens
ALBERTO,HENNING,"PACIFIC AMISTAD",Documentary,CATE,MCQUEEN,Inglês,0.99,Jon,Stephens
ALBERTO,HENNING,"PACIFIC AMISTAD",Documentary,DUSTIN,TAUTOU,Inglês,0.99,Jon,Stephens
ALBERTO,HENNING,"PACIFIC AMISTAD",Documentary,ED,GUINESS,Inglês,0.99,Jon,Stephens
ALBERTO,HENNING,"PACIFIC AMISTAD",Documentary,HUMPHREY,GARLAND,Inglês,0.99,Jon,Stephens
ALBERTO,HENNING,"PACIFIC AMISTAD",Documentary,JOE,SWANK,Inglês,0.99,Jon,Stephens
ALBERTO,HENNING,"PACIFIC AMISTAD",Documentary,JOHNNY,LOLLOBRIGIDA,Inglês,0.99,Jon,Stephens
ALBERTO,HENNING,"PACIFIC AMISTAD",Documentary,SUSAN,DAVIS,Inglês,0.99,Jon,Stephens
ALBERTO,HENNING,"POCUS PULP",Documentary,GROUCHO,DUNST,Inglês,0.99,Jon,Stephens
ALBERTO,HENNING,"POCUS PULP",Documentary,JOHNNY,LOLLOBRIGIDA,Inglês,0.99,Jon,Stephens
ALBERTO,HENNING,"POCUS PULP",Documentary,RALPH,CRUZ,Inglês,0.99,Jon,Stephens
ALBERTO,HENNING,"POCUS PULP",Documentary,RIVER,DEAN,Inglês,0.99,Jon,Stephens
ALBERTO,HENNING,"POCUS PULP",Documentary,TOM,MIRANDA,Inglês,0.99,Jon,Stephens
ALBERTO,HENNING,"REDEMPTION COMFORTS",New,ALBERT,JOHANSSON,Inglês,2.99,Jon,Stephens
ALBERTO,HENNING,"REDEMPTION COMFORTS",New,AUDREY,OLIVIER,Inglês,2.99,Jon,Stephens
ALBERTO,HENNING,"REDEMPTION COMFORTS",New,DEBBIE,AKROYD,Inglês,2.99,Jon,Stephens
ALBERTO,HENNING,"REDEMPTION COMFORTS",New,KENNETH,PALTROW,Inglês,2.99,Jon,Stephens
ALBERTO,HENNING,"REDEMPTION COMFORTS",New,MILLA,KEITEL,Inglês,2.99,Jon,Stephens
ALBERTO,HENNING,"SEATTLE EXPECATIONS",Drama,ELVIS,MARX,Inglês,6.99,Jon,Stephens
ALBERTO,HENNING,"SEATTLE EXPECATIONS",Drama,FAY,WOOD,Inglês,6.99,Jon,Stephens
ALBERTO,HENNING,"SEATTLE EXPECATIONS",Drama,GREGORY,GOODING,Inglês,6.99,Jon,Stephens
ALBERTO,HENNING,"SEATTLE EXPECATIONS",Drama,KENNETH,TORN,Inglês,6.99,Jon,Stephens
ALBERTO,HENNING,"SEATTLE EXPECATIONS",Drama,MILLA,PECK,Inglês,6.99,Jon,Stephens
ALBERTO,HENNING,"SEATTLE EXPECATIONS",Drama,SCARLETT,BENING,Inglês,6.99,Jon,Stephens
ALBERTO,HENNING,"SPINAL ROCKY",Family,CAMERON,STREEP,Inglês,2.99,Mike,Hillyer
ALBERTO,HENNING,"SPINAL ROCKY",Family,CATE,HARRIS,Inglês,2.99,Mike,Hillyer
ALBERTO,HENNING,"SPINAL ROCKY",Family,CHRIS,BRIDGES,Inglês,2.99,Mike,Hillyer
ALBERTO,HENNING,"SPINAL ROCKY",Family,CHRISTOPHER,BERRY,Inglês,2.99,Mike,Hillyer
ALBERTO,HENNING,"SPINAL ROCKY",Family,MARY,TANDY,Inglês,2.99,Mike,Hillyer
ALBERTO,HENNING,"SPINAL ROCKY",Family,NATALIE,HOPKINS,Inglês,2.99,Mike,Hillyer
ALBERTO,HENNING,"SPINAL ROCKY",Family,PARKER,GOLDBERG,Inglês,2.99,Mike,Hillyer
ALBERTO,HENNING,"SPINAL ROCKY",Family,RUSSELL,BACALL,Inglês,2.99,Mike,Hillyer
ALBERTO,HENNING,"VANISHING ROCKY",Music,DAN,HARRIS,Inglês,2.99,Jon,Stephens
ALBERTO,HENNING,"VANISHING ROCKY",Music,GARY,PENN,Inglês,2.99,Jon,Stephens
ALBERTO,HENNING,"VANISHING ROCKY",Music,GENE,HOPKINS,Inglês,2.99,Jon,Stephens
ALBERTO,HENNING,"VANISHING ROCKY",Music,MATTHEW,JOHANSSON,Inglês,2.99,Jon,Stephens
ALBERTO,HENNING,"VANISHING ROCKY",Music,SUSAN,DAVIS,Inglês,2.99,Jon,Stephens
ALBERTO,HENNING,"WILLOW TRACY",Family,JAMES,PITT,Inglês,2.99,Mike,Hillyer
ALBERTO,HENNING,"WILLOW TRACY",Family,REESE,KILMER,Inglês,2.99,Mike,Hillyer
ALEX,GRESHAM,"ANONYMOUS HUMAN",Sports,ED,GUINESS,Inglês,1.99,Mike,Hillyer
ALEX,GRESHAM,"ANONYMOUS HUMAN",Sports,EMILY,DEE,Inglês,1.99,Mike,Hillyer
ALEX,GRESHAM,"ANONYMOUS HUMAN",Sports,FAY,KILMER,Inglês,1.99,Mike,Hillyer
ALEX,GRESHAM,"ANONYMOUS HUMAN",Sports,GRACE,MOSTEL,Inglês,1.99,Mike,Hillyer
ALEX,GRESHAM,"ANONYMOUS HUMAN",Sports,JIM,MOSTEL,Inglês,1.99,Mike,Hillyer
ALEX,GRESHAM,"ANONYMOUS HUMAN",Sports,MENA,HOPPER,Inglês,1.99,Mike,Hillyer
ALEX,GRESHAM,"ANONYMOUS HUMAN",Sports,MERYL,GIBSON,Inglês,1.99,Mike,Hillyer
ALEX,GRESHAM,"ANONYMOUS HUMAN",Sports,SUSAN,DAVIS,Inglês,1.99,Mike,Hillyer
ALEX,GRESHAM,"ANONYMOUS HUMAN",Sports,WHOOPI,HURT,Inglês,1.99,Mike,Hillyer
ALEX,GRESHAM,"DANCING FEVER",Documentary,JANE,JACKMAN,Inglês,3.99,Mike,Hillyer
ALEX,GRESHAM,"DANCING FEVER",Documentary,JAYNE,NOLTE,Inglês,3.99,Mike,Hillyer
ALEX,GRESHAM,"DANCING FEVER",Documentary,KENNETH,TORN,Inglês,3.99,Mike,Hillyer
ALEX,GRESHAM,"DANCING FEVER",Documentary,LAURA,BRODY,Inglês,3.99,Mike,Hillyer
ALEX,GRESHAM,"DANCING FEVER",Documentary,MATTHEW,LEIGH,Inglês,3.99,Mike,Hillyer
ALEX,GRESHAM,"DANCING FEVER",Documentary,ROCK,DUKAKIS,Inglês,3.99,Mike,Hillyer
ALEX,GRESHAM,"DOUBLE WRATH",Animation,BURT,DUKAKIS,Inglês,0.99,Jon,Stephens
ALEX,GRESHAM,"DOUBLE WRATH",Animation,CARY,MCCONAUGHEY,Inglês,0.99,Jon,Stephens
ALEX,GRESHAM,"DOUBLE WRATH",Animation,DARYL,WAHLBERG,Inglês,0.99,Jon,Stephens
ALEX,GRESHAM,"DOUBLE WRATH",Animation,FRANCES,DAY-LEWIS,Inglês,0.99,Jon,Stephens
ALEX,GRESHAM,"DOUBLE WRATH",Animation,GARY,PENN,Inglês,0.99,Jon,Stephens
ALEX,GRESHAM,"DOUBLE WRATH",Animation,HARRISON,BALE,Inglês,0.99,Jon,Stephens
ALEX,GRESHAM,"DOUBLE WRATH",Animation,JULIANNE,DENCH,Inglês,0.99,Jon,Stephens
ALEX,GRESHAM,"DOUBLE WRATH",Animation,KEVIN,BLOOM,Inglês,0.99,Jon,Stephens
ALEX,GRESHAM,"ENCOUNTERS CURTAIN",Drama,ALEC,WAYNE,Inglês,0.99,Jon,Stephens
ALEX,GRESHAM,"ENCOUNTERS CURTAIN",Drama,ANNE,CRONYN,Inglês,0.99,Jon,Stephens
ALEX,GRESHAM,"ENCOUNTERS CURTAIN",Drama,EWAN,GOODING,Inglês,0.99,Jon,Stephens
ALEX,GRESHAM,"ENCOUNTERS CURTAIN",Drama,MERYL,GIBSON,Inglês,0.99,Jon,Stephens
ALEX,GRESHAM,"GAMES BOWFINGER",Travel,ANGELA,HUDSON,Inglês,4.99,Mike,Hillyer
ALEX,GRESHAM,"GAMES BOWFINGER",Travel,BURT,POSEY,Inglês,4.99,Mike,Hillyer
ALEX,GRESHAM,"GAMES BOWFINGER",Travel,FRANCES,TOMEI,Inglês,4.99,Mike,Hillyer
ALEX,GRESHAM,"GAMES BOWFINGER",Travel,HUMPHREY,WILLIS,Inglês,4.99,Mike,Hillyer
ALEX,GRESHAM,"GAMES BOWFINGER",Travel,JULIA,MCQUEEN,Inglês,4.99,Mike,Hillyer
ALEX,GRESHAM,"GAMES BOWFINGER",Travel,MARY,KEITEL,Inglês,4.99,Mike,Hillyer
ALEX,GRESHAM,"GAMES BOWFINGER",Travel,MATTHEW,LEIGH,Inglês,4.99,Mike,Hillyer
ALEX,GRESHAM,"GAMES BOWFINGER",Travel,RIP,WINSLET,Inglês,4.99,Mike,Hillyer
ALEX,GRESHAM,"GREATEST NORTH",Music,CUBA,BIRCH,Inglês,2.99,Jon,Stephens
ALEX,GRESHAM,"GREATEST NORTH",Music,GREGORY,GOODING,Inglês,2.99,Jon,Stephens
ALEX,GRESHAM,"GREATEST NORTH",Music,HELEN,VOIGHT,Inglês,2.99,Jon,Stephens
ALEX,GRESHAM,"GREATEST NORTH",Music,MATTHEW,LEIGH,Inglês,2.99,Jon,Stephens
ALEX,GRESHAM,"GREATEST NORTH",Music,RIP,WINSLET,Inglês,2.99,Jon,Stephens
ALEX,GRESHAM,"GREATEST NORTH",Music,WARREN,NOLTE,Inglês,2.99,Jon,Stephens
ALEX,GRESHAM,"HALF OUTFIELD",Family,ANNE,CRONYN,Inglês,2.99,Mike,Hillyer
ALEX,GRESHAM,"HALF OUTFIELD",Family,DARYL,CRAWFORD,Inglês,2.99,Mike,Hillyer
ALEX,GRESHAM,"HALF OUTFIELD",Family,DEBBIE,AKROYD,Inglês,2.99,Mike,Hillyer
ALEX,GRESHAM,"HALF OUTFIELD",Family,GREG,CHAPLIN,Inglês,2.99,Mike,Hillyer
ALEX,GRESHAM,"HALF OUTFIELD",Family,HARRISON,BALE,Inglês,2.99,Mike,Hillyer
ALEX,GRESHAM,"HALF OUTFIELD",Family,SEAN,GUINESS,Inglês,2.99,Mike,Hillyer
ALEX,GRESHAM,"HYSTERICAL GRAIL",Sports,BURT,POSEY,Inglês,5.99,Jon,Stephens
ALEX,GRESHAM,"HYSTERICAL GRAIL",Sports,CHARLIZE,DENCH,Inglês,5.99,Jon,Stephens
ALEX,GRESHAM,"HYSTERICAL GRAIL",Sports,JAYNE,NOLTE,Inglês,5.99,Jon,Stephens
ALEX,GRESHAM,"HYSTERICAL GRAIL",Sports,JULIANNE,DENCH,Inglês,5.99,Jon,Stephens
ALEX,GRESHAM,"HYSTERICAL GRAIL",Sports,LUCILLE,DEE,Inglês,5.99,Jon,Stephens
ALEX,GRESHAM,"HYSTERICAL GRAIL",Sports,MEG,HAWKE,Inglês,5.99,Jon,Stephens
ALEX,GRESHAM,"HYSTERICAL GRAIL",Sports,MINNIE,ZELLWEGER,Inglês,5.99,Jon,Stephens
ALEX,GRESHAM,"HYSTERICAL GRAIL",Sports,MORGAN,WILLIAMS,Inglês,5.99,Jon,Stephens
ALEX,GRESHAM,"HYSTERICAL GRAIL",Sports,WALTER,TORN,Inglês,5.99,Jon,Stephens
ALEX,GRESHAM,"KISSING DOLLS",Action,GEOFFREY,HESTON,Inglês,7.99,Jon,Stephens
ALEX,GRESHAM,"KISSING DOLLS",Action,JADA,RYDER,Inglês,7.99,Jon,Stephens
ALEX,GRESHAM,"KISSING DOLLS",Action,TOM,MCKELLEN,Inglês,7.99,Jon,Stephens
ALEX,GRESHAM,"MURDER ANTITRUST",Children,CAMERON,ZELLWEGER,Inglês,2.99,Jon,Stephens
ALEX,GRESHAM,"MURDER ANTITRUST",Children,CHRISTOPHER,BERRY,Inglês,2.99,Jon,Stephens
ALEX,GRESHAM,"MURDER ANTITRUST",Children,JADA,RYDER,Inglês,2.99,Jon,Stephens
ALEX,GRESHAM,"MURDER ANTITRUST",Children,KIRK,JOVOVICH,Inglês,2.99,Jon,Stephens
ALEX,GRESHAM,"MURDER ANTITRUST",Children,MARY,TANDY,Inglês,2.99,Jon,Stephens
ALEX,GRESHAM,"MURDER ANTITRUST",Children,OLYMPIA,PFEIFFER,Inglês,2.99,Jon,Stephens
ALEX,GRESHAM,"MURDER ANTITRUST",Children,SUSAN,DAVIS,Inglês,2.99,Jon,Stephens
ALEX,GRESHAM,"MURDER ANTITRUST",Children,WHOOPI,HURT,Inglês,2.99,Jon,Stephens
ALEX,GRESHAM,"OLEANDER CLUE",Music,EWAN,GOODING,Inglês,0.99,Mike,Hillyer
ALEX,GRESHAM,"OLEANDER CLUE",Music,GREG,CHAPLIN,Inglês,0.99,Mike,Hillyer
ALEX,GRESHAM,"OLEANDER CLUE",Music,JIM,MOSTEL,Inglês,0.99,Mike,Hillyer
ALEX,GRESHAM,"OLEANDER CLUE",Music,OPRAH,KILMER,Inglês,0.99,Mike,Hillyer
ALEX,GRESHAM,"OLEANDER CLUE",Music,PENELOPE,PINKETT,Inglês,0.99,Mike,Hillyer
ALEX,GRESHAM,"OLEANDER CLUE",Music,RUSSELL,CLOSE,Inglês,0.99,Mike,Hillyer
ALEX,GRESHAM,"OLEANDER CLUE",Music,SANDRA,KILMER,Inglês,0.99,Mike,Hillyer
ALEX,GRESHAM,"OLEANDER CLUE",Music,SEAN,WILLIAMS,Inglês,0.99,Mike,Hillyer
ALEX,GRESHAM,"OLEANDER CLUE",Music,WARREN,JACKMAN,Inglês,0.99,Mike,Hillyer
ALEX,GRESHAM,"OLEANDER CLUE",Music,ZERO,CAGE,Inglês,0.99,Mike,Hillyer
ALEX,GRESHAM,"PARIS WEEKEND",Horror,ANGELA,HUDSON,Inglês,2.99,Mike,Hillyer
ALEX,GRESHAM,"PARIS WEEKEND",Horror,GEOFFREY,HESTON,Inglês,2.99,Mike,Hillyer
ALEX,GRESHAM,"PARIS WEEKEND",Horror,HENRY,BERRY,Inglês,2.99,Mike,Hillyer
ALEX,GRESHAM,"PARIS WEEKEND",Horror,JAYNE,SILVERSTONE,Inglês,2.99,Mike,Hillyer
ALEX,GRESHAM,"PARIS WEEKEND",Horror,LIZA,BERGMAN,Inglês,2.99,Mike,Hillyer
ALEX,GRESHAM,"PARIS WEEKEND",Horror,PENELOPE,PINKETT,Inglês,2.99,Mike,Hillyer
ALEX,GRESHAM,"PEACH INNOCENT",Sports,BURT,POSEY,Inglês,8.99,Jon,Stephens
ALEX,GRESHAM,"PEACH INNOCENT",Sports,GARY,PENN,Inglês,8.99,Jon,Stephens
ALEX,GRESHAM,"PEACH INNOCENT",Sports,GROUCHO,WILLIAMS,Inglês,8.99,Jon,Stephens
ALEX,GRESHAM,"PEACH INNOCENT",Sports,MILLA,PECK,Inglês,8.99,Jon,Stephens
ALEX,GRESHAM,"PEACH INNOCENT",Sports,TIM,HACKMAN,Inglês,8.99,Jon,Stephens
ALEX,GRESHAM,"RIGHT CRANES",Classics,ALBERT,JOHANSSON,Inglês,4.99,Jon,Stephens
ALEX,GRESHAM,"RIGHT CRANES",Classics,BURT,DUKAKIS,Inglês,4.99,Jon,Stephens
ALEX,GRESHAM,"RIGHT CRANES",Classics,CAMERON,ZELLWEGER,Inglês,4.99,Jon,Stephens
ALEX,GRESHAM,"RIGHT CRANES",Classics,ELVIS,MARX,Inglês,4.99,Jon,Stephens
ALEX,GRESHAM,"RIGHT CRANES",Classics,JESSICA,BAILEY,Inglês,4.99,Jon,Stephens
ALEX,GRESHAM,"RIGHT CRANES",Classics,PARKER,GOLDBERG,Inglês,4.99,Jon,Stephens
ALEX,GRESHAM,"RIGHT CRANES",Classics,WHOOPI,HURT,Inglês,4.99,Jon,Stephens
ALEX,GRESHAM,"RULES HUMAN",Horror,CARY,MCCONAUGHEY,Inglês,7.99,Mike,Hillyer
ALEX,GRESHAM,"RULES HUMAN",Horror,DUSTIN,TAUTOU,Inglês,7.99,Mike,Hillyer
ALEX,GRESHAM,"RULES HUMAN",Horror,HARVEY,HOPE,Inglês,7.99,Mike,Hillyer
ALEX,GRESHAM,"RULES HUMAN",Horror,KEVIN,GARLAND,Inglês,7.99,Mike,Hillyer
ALEX,GRESHAM,"RULES HUMAN",Horror,PENELOPE,GUINESS,Inglês,7.99,Mike,Hillyer
ALEX,GRESHAM,"RUNNER MADIGAN",Music,BOB,FAWCETT,Inglês,0.99,Mike,Hillyer
ALEX,GRESHAM,"RUNNER MADIGAN",Music,CATE,HARRIS,Inglês,0.99,Mike,Hillyer
ALEX,GRESHAM,"RUNNER MADIGAN",Music,CHRISTIAN,NEESON,Inglês,0.99,Mike,Hillyer
ALEX,GRESHAM,"RUNNER MADIGAN",Music,GREG,CHAPLIN,Inglês,0.99,Mike,Hillyer
ALEX,GRESHAM,"RUNNER MADIGAN",Music,GROUCHO,DUNST,Inglês,0.99,Mike,Hillyer
ALEX,GRESHAM,"RUNNER MADIGAN",Music,JOE,SWANK,Inglês,0.99,Mike,Hillyer
ALEX,GRESHAM,"RUNNER MADIGAN",Music,MATTHEW,JOHANSSON,Inglês,0.99,Mike,Hillyer
ALEX,GRESHAM,"RUNNER MADIGAN",Music,REESE,WEST,Inglês,0.99,Mike,Hillyer
ALEX,GRESHAM,"SATURDAY LAMBS",Sports,BEN,WILLIS,Inglês,7.99,Jon,Stephens
ALEX,GRESHAM,"SATURDAY LAMBS",Sports,BURT,POSEY,Inglês,7.99,Jon,Stephens
ALEX,GRESHAM,"SATURDAY LAMBS",Sports,GENE,MCKELLEN,Inglês,7.99,Jon,Stephens
ALEX,GRESHAM,"SATURDAY LAMBS",Sports,GRETA,KEITEL,Inglês,7.99,Jon,Stephens
ALEX,GRESHAM,"SATURDAY LAMBS",Sports,JAMES,PITT,Inglês,7.99,Jon,Stephens
ALEX,GRESHAM,"SATURDAY LAMBS",Sports,MENA,HOPPER,Inglês,7.99,Jon,Stephens
ALEX,GRESHAM,"SATURDAY LAMBS",Sports,PENELOPE,PINKETT,Inglês,7.99,Jon,Stephens
ALEX,GRESHAM,"SATURDAY LAMBS",Sports,RIP,CRAWFORD,Inglês,7.99,Jon,Stephens
ALEX,GRESHAM,"SATURDAY LAMBS",Sports,VIVIEN,BERGEN,Inglês,7.99,Jon,Stephens
ALEX,GRESHAM,"SATURN NAME",Comedy,ANGELINA,ASTAIRE,Inglês,5.99,Mike,Hillyer
ALEX,GRESHAM,"SATURN NAME",Comedy,CHRIS,BRIDGES,Inglês,5.99,Mike,Hillyer
ALEX,GRESHAM,"TIGHTS DAWN",Sports,IAN,TANDY,Inglês,0.99,Mike,Hillyer
ALEX,GRESHAM,"TIGHTS DAWN",Sports,MORGAN,HOPKINS,Inglês,0.99,Mike,Hillyer
ALEX,GRESHAM,"TIGHTS DAWN",Sports,TOM,MIRANDA,Inglês,0.99,Mike,Hillyer
ALEX,GRESHAM,"TIGHTS DAWN",Sports,VIVIEN,BERGEN,Inglês,0.99,Mike,Hillyer
ALEX,GRESHAM,"TIGHTS DAWN",Sports,WILLIAM,HACKMAN,Inglês,0.99,Mike,Hillyer
ALEX,GRESHAM,"VELVET TERMINATOR",Comedy,ANGELA,HUDSON,Inglês,4.99,Jon,Stephens
ALEX,GRESHAM,"VELVET TERMINATOR",Comedy,CARY,MCCONAUGHEY,Inglês,4.99,Jon,Stephens
ALEX,GRESHAM,"VELVET TERMINATOR",Comedy,CUBA,ALLEN,Inglês,4.99,Jon,Stephens
ALEX,GRESHAM,"VELVET TERMINATOR",Comedy,DARYL,CRAWFORD,Inglês,4.99,Jon,Stephens
ALEX,GRESHAM,"VELVET TERMINATOR",Comedy,JOHNNY,CAGE,Inglês,4.99,Jon,Stephens
ALEX,GRESHAM,"VELVET TERMINATOR",Comedy,MERYL,ALLEN,Inglês,4.99,Jon,Stephens
ALEX,GRESHAM,"VELVET TERMINATOR",Comedy,MINNIE,KILMER,Inglês,4.99,Jon,Stephens
ALEX,GRESHAM,"VELVET TERMINATOR",Comedy,SEAN,WILLIAMS,Inglês,4.99,Jon,Stephens
ALEX,GRESHAM,"VELVET TERMINATOR",Comedy,ZERO,CAGE,Inglês,4.99,Jon,Stephens
ALEXANDER,FENNELL,"AMERICAN CIRCUS",Action,FRANCES,TOMEI,Inglês,5.99,Mike,Hillyer
ALEXANDER,FENNELL,"AMERICAN CIRCUS",Action,KEVIN,BLOOM,Inglês,5.99,Mike,Hillyer
ALEXANDER,FENNELL,"AMERICAN CIRCUS",Action,RIP,CRAWFORD,Inglês,5.99,Mike,Hillyer
ALEXANDER,FENNELL,"AMERICAN CIRCUS",Action,SIDNEY,CROWE,Inglês,5.99,Mike,Hillyer
ALEXANDER,FENNELL,"AMERICAN CIRCUS",Action,WARREN,JACKMAN,Inglês,5.99,Mike,Hillyer
ALEXANDER,FENNELL,"BAKED CLEOPATRA",Family,MICHELLE,MCCONAUGHEY,Inglês,6.99,Jon,Stephens
ALEXANDER,FENNELL,"CARRIE BUNCH",Horror,ANGELINA,ASTAIRE,Inglês,1.99,Jon,Stephens
ALEXANDER,FENNELL,"CARRIE BUNCH",Horror,BELA,WALKEN,Inglês,1.99,Jon,Stephens
ALEXANDER,FENNELL,"CARRIE BUNCH",Horror,GRETA,MALDEN,Inglês,1.99,Jon,Stephens
ALEXANDER,FENNELL,"CARRIE BUNCH",Horror,JUDE,CRUISE,Inglês,1.99,Jon,Stephens
ALEXANDER,FENNELL,"CARRIE BUNCH",Horror,KENNETH,TORN,Inglês,1.99,Jon,Stephens
ALEXANDER,FENNELL,"CARRIE BUNCH",Horror,MENA,TEMPLE,Inglês,1.99,Jon,Stephens
ALEXANDER,FENNELL,"CARRIE BUNCH",Horror,VAL,BOLGER,Inglês,1.99,Jon,Stephens
ALEXANDER,FENNELL,"CONVERSATION DOWNHILL",Family,CHRIS,BRIDGES,Inglês,5.99,Mike,Hillyer
ALEXANDER,FENNELL,"CONVERSATION DOWNHILL",Family,DUSTIN,TAUTOU,Inglês,5.99,Mike,Hillyer
ALEXANDER,FENNELL,"CONVERSATION DOWNHILL",Family,GRETA,MALDEN,Inglês,5.99,Mike,Hillyer
ALEXANDER,FENNELL,"CURTAIN VIDEOTAPE",Games,EWAN,GOODING,Inglês,0.99,Mike,Hillyer
ALEXANDER,FENNELL,"CURTAIN VIDEOTAPE",Games,JOE,SWANK,Inglês,0.99,Mike,Hillyer
ALEXANDER,FENNELL,"CURTAIN VIDEOTAPE",Games,WALTER,TORN,Inglês,0.99,Mike,Hillyer
ALEXANDER,FENNELL,"ENCOUNTERS CURTAIN",Drama,ALEC,WAYNE,Inglês,3.99,Mike,Hillyer
ALEXANDER,FENNELL,"ENCOUNTERS CURTAIN",Drama,ANNE,CRONYN,Inglês,3.99,Mike,Hillyer
ALEXANDER,FENNELL,"ENCOUNTERS CURTAIN",Drama,EWAN,GOODING,Inglês,3.99,Mike,Hillyer
ALEXANDER,FENNELL,"ENCOUNTERS CURTAIN",Drama,MERYL,GIBSON,Inglês,3.99,Mike,Hillyer
ALEXANDER,FENNELL,"FORRESTER COMANCHEROS",Animation,KIRK,JOVOVICH,Inglês,4.99,Jon,Stephens
ALEXANDER,FENNELL,"FORRESTER COMANCHEROS",Animation,REESE,KILMER,Inglês,4.99,Jon,Stephens
ALEXANDER,FENNELL,"FORRESTER COMANCHEROS",Animation,SEAN,GUINESS,Inglês,4.99,Jon,Stephens
ALEXANDER,FENNELL,"GREEDY ROOTS",Drama,ALAN,DREYFUSS,Inglês,2.99,Mike,Hillyer
ALEXANDER,FENNELL,"GREEDY ROOTS",Drama,FAY,WOOD,Inglês,2.99,Mike,Hillyer
ALEXANDER,FENNELL,"GREEDY ROOTS",Drama,GARY,PENN,Inglês,2.99,Mike,Hillyer
ALEXANDER,FENNELL,"GREEDY ROOTS",Drama,HARRISON,BALE,Inglês,2.99,Mike,Hillyer
ALEXANDER,FENNELL,"GREEDY ROOTS",Drama,JENNIFER,DAVIS,Inglês,2.99,Mike,Hillyer
ALEXANDER,FENNELL,"GREEDY ROOTS",Drama,MARY,KEITEL,Inglês,2.99,Mike,Hillyer
ALEXANDER,FENNELL,"GREEDY ROOTS",Drama,RENEE,BALL,Inglês,2.99,Mike,Hillyer
ALEXANDER,FENNELL,"GREEDY ROOTS",Drama,WARREN,NOLTE,Inglês,2.99,Mike,Hillyer
ALEXANDER,FENNELL,"GRINCH MASSAGE",Games,BURT,DUKAKIS,Inglês,4.99,Jon,Stephens
ALEXANDER,FENNELL,"GRINCH MASSAGE",Games,JIM,MOSTEL,Inglês,4.99,Jon,Stephens
ALEXANDER,FENNELL,"GRINCH MASSAGE",Games,KIRSTEN,AKROYD,Inglês,4.99,Jon,Stephens
ALEXANDER,FENNELL,"GRINCH MASSAGE",Games,MATTHEW,CARREY,Inglês,4.99,Jon,Stephens
ALEXANDER,FENNELL,"GRINCH MASSAGE",Games,UMA,WOOD,Inglês,4.99,Jon,Stephens
ALEXANDER,FENNELL,"GRINCH MASSAGE",Games,WARREN,JACKMAN,Inglês,4.99,Jon,Stephens
ALEXANDER,FENNELL,"HIGHBALL POTTER",Foreign,CHRISTOPHER,BERRY,Inglês,0.99,Jon,Stephens
ALEXANDER,FENNELL,"HIGHBALL POTTER",Foreign,GRETA,KEITEL,Inglês,0.99,Jon,Stephens
ALEXANDER,FENNELL,"HIGHBALL POTTER",Foreign,KARL,BERRY,Inglês,0.99,Jon,Stephens
ALEXANDER,FENNELL,"HIGHBALL POTTER",Foreign,MENA,HOPPER,Inglês,0.99,Jon,Stephens
ALEXANDER,FENNELL,"HIGHBALL POTTER",Foreign,REESE,KILMER,Inglês,0.99,Jon,Stephens
ALEXANDER,FENNELL,"HYDE DOCTOR",Classics,BURT,POSEY,Inglês,2.99,Mike,Hillyer
ALEXANDER,FENNELL,"HYDE DOCTOR",Classics,CUBA,OLIVIER,Inglês,2.99,Mike,Hillyer
ALEXANDER,FENNELL,"HYDE DOCTOR",Classics,ELLEN,PRESLEY,Inglês,2.99,Mike,Hillyer
ALEXANDER,FENNELL,"HYDE DOCTOR",Classics,GINA,DEGENERES,Inglês,2.99,Mike,Hillyer
ALEXANDER,FENNELL,"HYDE DOCTOR",Classics,JAYNE,NEESON,Inglês,2.99,Mike,Hillyer
ALEXANDER,FENNELL,"HYDE DOCTOR",Classics,LUCILLE,TRACY,Inglês,2.99,Mike,Hillyer
ALEXANDER,FENNELL,"LIES TREATMENT",Drama,DAN,HARRIS,Inglês,6.99,Jon,Stephens
ALEXANDER,FENNELL,"LIES TREATMENT",Drama,HELEN,VOIGHT,Inglês,6.99,Jon,Stephens
ALEXANDER,FENNELL,"LIES TREATMENT",Drama,JOHNNY,CAGE,Inglês,6.99,Jon,Stephens
ALEXANDER,FENNELL,"LIES TREATMENT",Drama,JON,CHASE,Inglês,6.99,Jon,Stephens
ALEXANDER,FENNELL,"LIES TREATMENT",Drama,KENNETH,TORN,Inglês,6.99,Jon,Stephens
ALEXANDER,FENNELL,"LIES TREATMENT",Drama,WALTER,TORN,Inglês,6.99,Jon,Stephens
ALEXANDER,FENNELL,"LIES TREATMENT",Drama,WARREN,JACKMAN,Inglês,6.99,Jon,Stephens
ALEXANDER,FENNELL,"MILLION ACE",Classics,BEN,HARRIS,Inglês,9.99,Jon,Stephens
ALEXANDER,FENNELL,"MILLION ACE",Classics,CHRISTIAN,AKROYD,Inglês,9.99,Jon,Stephens
ALEXANDER,FENNELL,"MILLION ACE",Classics,JOHN,SUVARI,Inglês,9.99,Jon,Stephens
ALEXANDER,FENNELL,"MILLION ACE",Classics,RENEE,TRACY,Inglês,9.99,Jon,Stephens
ALEXANDER,FENNELL,"MILLION ACE",Classics,SCARLETT,DAMON,Inglês,9.99,Jon,Stephens
ALEXANDER,FENNELL,"MOTIONS DETAILS",Horror,BURT,DUKAKIS,Inglês,4.99,Mike,Hillyer
ALEXANDER,FENNELL,"MOTIONS DETAILS",Horror,ELVIS,MARX,Inglês,4.99,Mike,Hillyer
ALEXANDER,FENNELL,"MOTIONS DETAILS",Horror,JIM,MOSTEL,Inglês,4.99,Mike,Hillyer
ALEXANDER,FENNELL,"MOTIONS DETAILS",Horror,LAURA,BRODY,Inglês,4.99,Mike,Hillyer
ALEXANDER,FENNELL,"MOTIONS DETAILS",Horror,PENELOPE,CRONYN,Inglês,4.99,Mike,Hillyer
ALEXANDER,FENNELL,"MOTIONS DETAILS",Horror,PENELOPE,PINKETT,Inglês,4.99,Mike,Hillyer
ALEXANDER,FENNELL,"MOTIONS DETAILS",Horror,UMA,WOOD,Inglês,4.99,Mike,Hillyer
ALEXANDER,FENNELL,"MOTIONS DETAILS",Horror,WALTER,TORN,Inglês,4.99,Mike,Hillyer
ALEXANDER,FENNELL,"OUTFIELD MASSACRE",Music,DAN,STREEP,Inglês,5.99,Mike,Hillyer
ALEXANDER,FENNELL,"OUTFIELD MASSACRE",Music,JANE,JACKMAN,Inglês,5.99,Mike,Hillyer
ALEXANDER,FENNELL,"OUTFIELD MASSACRE",Music,JAYNE,NOLTE,Inglês,5.99,Mike,Hillyer
ALEXANDER,FENNELL,"OUTFIELD MASSACRE",Music,WHOOPI,HURT,Inglês,5.99,Mike,Hillyer
ALEXANDER,FENNELL,"ROBBERS JOON",Children,ANGELA,HUDSON,Inglês,2.99,Mike,Hillyer
ALEXANDER,FENNELL,"ROBBERS JOON",Children,CUBA,ALLEN,Inglês,2.99,Mike,Hillyer
ALEXANDER,FENNELL,"ROBBERS JOON",Children,JADA,RYDER,Inglês,2.99,Mike,Hillyer
ALEXANDER,FENNELL,"ROBBERS JOON",Children,MATTHEW,LEIGH,Inglês,2.99,Mike,Hillyer
ALEXANDER,FENNELL,"ROBBERS JOON",Children,MILLA,PECK,Inglês,2.99,Mike,Hillyer
ALEXANDER,FENNELL,"SCARFACE BANG",Children,BEN,HARRIS,Inglês,5.99,Jon,Stephens
ALEXANDER,FENNELL,"SCARFACE BANG",Children,CATE,HARRIS,Inglês,5.99,Jon,Stephens
ALEXANDER,FENNELL,"SCARFACE BANG",Children,ELLEN,PRESLEY,Inglês,5.99,Jon,Stephens
ALEXANDER,FENNELL,"SCARFACE BANG",Children,EMILY,DEE,Inglês,5.99,Jon,Stephens
ALEXANDER,FENNELL,"SCARFACE BANG",Children,IAN,TANDY,Inglês,5.99,Jon,Stephens
ALEXANDER,FENNELL,"SCARFACE BANG",Children,PARKER,GOLDBERG,Inglês,5.99,Jon,Stephens
ALEXANDER,FENNELL,"SCARFACE BANG",Children,RENEE,BALL,Inglês,5.99,Jon,Stephens
ALEXANDER,FENNELL,"SLEEPY JAPANESE",New,ADAM,HOPPER,Inglês,2.99,Jon,Stephens
ALEXANDER,FENNELL,"SLEEPY JAPANESE",New,AUDREY,BAILEY,Inglês,2.99,Jon,Stephens
ALEXANDER,FENNELL,"SLEEPY JAPANESE",New,ED,MANSFIELD,Inglês,2.99,Jon,Stephens
ALEXANDER,FENNELL,"SLEEPY JAPANESE",New,GRACE,MOSTEL,Inglês,2.99,Jon,Stephens
ALEXANDER,FENNELL,"SLEEPY JAPANESE",New,MARY,KEITEL,Inglês,2.99,Jon,Stephens
ALEXANDER,FENNELL,"SLEEPY JAPANESE",New,RICHARD,PENN,Inglês,2.99,Jon,Stephens
ALEXANDER,FENNELL,"TELEMARK HEARTBREAKERS",Animation,GEOFFREY,HESTON,Inglês,5.99,Jon,Stephens
ALEXANDER,FENNELL,"TELEMARK HEARTBREAKERS",Animation,GROUCHO,SINATRA,Inglês,5.99,Jon,Stephens
ALEXANDER,FENNELL,"TELEMARK HEARTBREAKERS",Animation,HARVEY,HOPE,Inglês,5.99,Jon,Stephens
ALEXANDER,FENNELL,"TELEMARK HEARTBREAKERS",Animation,HELEN,VOIGHT,Inglês,5.99,Jon,Stephens
ALEXANDER,FENNELL,"TELEMARK HEARTBREAKERS",Animation,JAYNE,NOLTE,Inglês,5.99,Jon,Stephens
ALEXANDER,FENNELL,"TELEMARK HEARTBREAKERS",Animation,JULIA,MCQUEEN,Inglês,5.99,Jon,Stephens
ALEXANDER,FENNELL,"TELEMARK HEARTBREAKERS",Animation,KARL,BERRY,Inglês,5.99,Jon,Stephens
ALEXANDER,FENNELL,"TELEMARK HEARTBREAKERS",Animation,MICHAEL,BOLGER,Inglês,5.99,Jon,Stephens
ALEXANDER,FENNELL,"TELEMARK HEARTBREAKERS",Animation,SEAN,GUINESS,Inglês,5.99,Jon,Stephens
ALEXANDER,FENNELL,"TELEMARK HEARTBREAKERS",Animation,SISSY,SOBIESKI,Inglês,5.99,Jon,Stephens
ALEXANDER,FENNELL,"TELEMARK HEARTBREAKERS",Animation,VIVIEN,BASINGER,Inglês,5.99,Jon,Stephens
ALEXANDER,FENNELL,"TRACY CIDER",Animation,GRACE,MOSTEL,Inglês,6.99,Mike,Hillyer
ALEXANDER,FENNELL,"TRACY CIDER",Animation,REESE,KILMER,Inglês,6.99,Mike,Hillyer
ALEXANDER,FENNELL,"TRACY CIDER",Animation,SEAN,GUINESS,Inglês,6.99,Mike,Hillyer
ALEXANDER,FENNELL,"TRAP GUYS",Foreign,ALBERT,NOLTE,Inglês,4.99,Jon,Stephens
ALEXANDER,FENNELL,"TRAP GUYS",Foreign,BELA,WALKEN,Inglês,4.99,Jon,Stephens
ALEXANDER,FENNELL,"TRAP GUYS",Foreign,HUMPHREY,WILLIS,Inglês,4.99,Jon,Stephens
ALEXANDER,FENNELL,"TRAP GUYS",Foreign,KENNETH,PESCI,Inglês,4.99,Jon,Stephens
ALEXANDER,FENNELL,"TRAP GUYS",Foreign,VIVIEN,BERGEN,Inglês,4.99,Jon,Stephens
ALEXANDER,FENNELL,"TRAP GUYS",Foreign,WILLIAM,HACKMAN,Inglês,4.99,Jon,Stephens
ALEXANDER,FENNELL,"TRAP GUYS",Foreign,WOODY,HOFFMAN,Inglês,4.99,Jon,Stephens
ALEXANDER,FENNELL,"WONDERLAND CHRISTMAS",Sci-Fi,CHRIS,BRIDGES,Inglês,9.99,Mike,Hillyer
ALEXANDER,FENNELL,"WONDERLAND CHRISTMAS",Sci-Fi,CUBA,OLIVIER,Inglês,9.99,Mike,Hillyer
ALEXANDER,FENNELL,"WONDERLAND CHRISTMAS",Sci-Fi,HARRISON,BALE,Inglês,9.99,Mike,Hillyer
ALEXANDER,FENNELL,"WONDERLAND CHRISTMAS",Sci-Fi,HUMPHREY,GARLAND,Inglês,9.99,Mike,Hillyer
ALEXANDER,FENNELL,"WONDERLAND CHRISTMAS",Sci-Fi,WOODY,JOLIE,Inglês,9.99,Mike,Hillyer
ALEXANDER,FENNELL,"YOUTH KICK",Music,IAN,TANDY,Inglês,2.99,Jon,Stephens
ALEXANDER,FENNELL,"YOUTH KICK",Music,MARY,KEITEL,Inglês,2.99,Jon,Stephens
ALEXANDER,FENNELL,"YOUTH KICK",Music,SANDRA,KILMER,Inglês,2.99,Jon,Stephens
ALEXANDER,FENNELL,"YOUTH KICK",Music,SCARLETT,BENING,Inglês,2.99,Jon,Stephens
ALEXANDER,FENNELL,"YOUTH KICK",Music,VAL,BOLGER,Inglês,2.99,Jon,Stephens
ALFRED,CASILLAS,"BETRAYED REAR",Children,ANGELINA,ASTAIRE,Inglês,6.99,Mike,Hillyer
ALFRED,CASILLAS,"BETRAYED REAR",Children,CHRISTIAN,AKROYD,Inglês,6.99,Mike,Hillyer
ALFRED,CASILLAS,"BETRAYED REAR",Children,MORGAN,MCDORMAND,Inglês,6.99,Mike,Hillyer
ALFRED,CASILLAS,"BETRAYED REAR",Children,NICK,DEGENERES,Inglês,6.99,Mike,Hillyer
ALFRED,CASILLAS,"BUCKET BROTHERHOOD",Travel,BURT,TEMPLE,Inglês,6.99,Jon,Stephens
ALFRED,CASILLAS,"BUCKET BROTHERHOOD",Travel,CHARLIZE,DENCH,Inglês,6.99,Jon,Stephens
ALFRED,CASILLAS,"BUCKET BROTHERHOOD",Travel,GARY,PHOENIX,Inglês,6.99,Jon,Stephens
ALFRED,CASILLAS,"BUCKET BROTHERHOOD",Travel,KIRSTEN,AKROYD,Inglês,6.99,Jon,Stephens
ALFRED,CASILLAS,"BUCKET BROTHERHOOD",Travel,RIP,CRAWFORD,Inglês,6.99,Jon,Stephens
ALFRED,CASILLAS,"BUCKET BROTHERHOOD",Travel,TIM,HACKMAN,Inglês,6.99,Jon,Stephens
ALFRED,CASILLAS,"CREEPERS KANE",Classics,CHRISTOPHER,BERRY,Inglês,4.99,Jon,Stephens
ALFRED,CASILLAS,"CREEPERS KANE",Classics,JAYNE,NOLTE,Inglês,4.99,Jon,Stephens
ALFRED,CASILLAS,"CREEPERS KANE",Classics,RENEE,TRACY,Inglês,4.99,Jon,Stephens
ALFRED,CASILLAS,"CREEPERS KANE",Classics,SCARLETT,BENING,Inglês,4.99,Jon,Stephens
ALFRED,CASILLAS,"CREEPERS KANE",Classics,SYLVESTER,DERN,Inglês,4.99,Jon,Stephens
ALFRED,CASILLAS,"CREEPERS KANE",Classics,WILLIAM,HACKMAN,Inglês,4.99,Jon,Stephens
ALFRED,CASILLAS,"EYES DRIVING",Sci-Fi,DAN,HARRIS,Inglês,4.99,Mike,Hillyer
ALFRED,CASILLAS,"EYES DRIVING",Sci-Fi,FAY,WINSLET,Inglês,4.99,Mike,Hillyer
ALFRED,CASILLAS,"EYES DRIVING",Sci-Fi,JAYNE,SILVERSTONE,Inglês,4.99,Mike,Hillyer
ALFRED,CASILLAS,"EYES DRIVING",Sci-Fi,MICHAEL,BENING,Inglês,4.99,Mike,Hillyer
ALFRED,CASILLAS,"EYES DRIVING",Sci-Fi,RENEE,TRACY,Inglês,4.99,Mike,Hillyer
ALFRED,CASILLAS,"FREAKY POCUS",Music,FAY,WINSLET,Inglês,2.99,Mike,Hillyer
ALFRED,CASILLAS,"FREAKY POCUS",Music,KEVIN,GARLAND,Inglês,2.99,Mike,Hillyer
ALFRED,CASILLAS,"FREAKY POCUS",Music,MATTHEW,LEIGH,Inglês,2.99,Mike,Hillyer
ALFRED,CASILLAS,"FREAKY POCUS",Music,SIDNEY,CROWE,Inglês,2.99,Mike,Hillyer
ALFRED,CASILLAS,"FREAKY POCUS",Music,TOM,MIRANDA,Inglês,2.99,Mike,Hillyer
ALFRED,CASILLAS,"GLORY TRACY",Games,ADAM,GRANT,Inglês,2.99,Jon,Stephens
ALFRED,CASILLAS,"GLORY TRACY",Games,CHRISTIAN,NEESON,Inglês,2.99,Jon,Stephens
ALFRED,CASILLAS,"GLORY TRACY",Games,DEBBIE,AKROYD,Inglês,2.99,Jon,Stephens
ALFRED,CASILLAS,"GLORY TRACY",Games,RALPH,CRUZ,Inglês,2.99,Jon,Stephens
ALFRED,CASILLAS,"GLORY TRACY",Games,RUSSELL,TEMPLE,Inglês,2.99,Jon,Stephens
ALFRED,CASILLAS,"GLORY TRACY",Games,WILLIAM,HACKMAN,Inglês,2.99,Jon,Stephens
ALFRED,CASILLAS,"HARRY IDAHO",Drama,CAMERON,ZELLWEGER,Inglês,9.99,Mike,Hillyer
ALFRED,CASILLAS,"HARRY IDAHO",Drama,FAY,KILMER,Inglês,9.99,Mike,Hillyer
ALFRED,CASILLAS,"HARRY IDAHO",Drama,JAYNE,SILVERSTONE,Inglês,9.99,Mike,Hillyer
ALFRED,CASILLAS,"HARRY IDAHO",Drama,LUCILLE,DEE,Inglês,9.99,Mike,Hillyer
ALFRED,CASILLAS,"HARRY IDAHO",Drama,MATTHEW,CARREY,Inglês,9.99,Mike,Hillyer
ALFRED,CASILLAS,"HARRY IDAHO",Drama,MORGAN,HOPKINS,Inglês,9.99,Mike,Hillyer
ALFRED,CASILLAS,"QUILLS BULL",Documentary,AUDREY,BAILEY,Inglês,9.99,Jon,Stephens
ALFRED,CASILLAS,"QUILLS BULL",Documentary,FAY,WINSLET,Inglês,9.99,Jon,Stephens
ALFRED,CASILLAS,"QUILLS BULL",Documentary,JOHN,SUVARI,Inglês,9.99,Jon,Stephens
ALFRED,CASILLAS,"QUILLS BULL",Documentary,LISA,MONROE,Inglês,9.99,Jon,Stephens
ALFRED,CASILLAS,"SECRETARY ROUGE",Sports,BEN,WILLIS,Inglês,6.99,Jon,Stephens
ALFRED,CASILLAS,"SECRETARY ROUGE",Sports,CAMERON,ZELLWEGER,Inglês,6.99,Jon,Stephens
ALFRED,CASILLAS,"SECRETARY ROUGE",Sports,ELLEN,PRESLEY,Inglês,6.99,Jon,Stephens
ALFRED,CASILLAS,"SECRETARY ROUGE",Sports,JAYNE,NOLTE,Inglês,6.99,Jon,Stephens
ALFRED,CASILLAS,"SECRETARY ROUGE",Sports,JEFF,SILVERSTONE,Inglês,6.99,Jon,Stephens
ALFRED,CASILLAS,"SECRETARY ROUGE",Sports,JULIA,BARRYMORE,Inglês,6.99,Jon,Stephens
ALFRED,CASILLAS,"SHANE DARKNESS",Travel,CUBA,OLIVIER,Inglês,2.99,Mike,Hillyer
ALFRED,CASILLAS,"SHANE DARKNESS",Travel,HENRY,BERRY,Inglês,2.99,Mike,Hillyer
ALFRED,CASILLAS,"SHANE DARKNESS",Travel,RENEE,TRACY,Inglês,2.99,Mike,Hillyer
ALFRED,CASILLAS,"SIEGE MADRE",Family,BELA,WALKEN,Inglês,0.99,Mike,Hillyer
ALFRED,CASILLAS,"SIEGE MADRE",Family,CUBA,OLIVIER,Inglês,0.99,Mike,Hillyer
ALFRED,CASILLAS,"SIEGE MADRE",Family,DAN,HARRIS,Inglês,0.99,Mike,Hillyer
ALFRED,CASILLAS,"SIEGE MADRE",Family,NATALIE,HOPKINS,Inglês,0.99,Mike,Hillyer
ALFRED,CASILLAS,"SIEGE MADRE",Family,RIP,CRAWFORD,Inglês,0.99,Mike,Hillyer
ALFRED,CASILLAS,"SIEGE MADRE",Family,SALMA,NOLTE,Inglês,0.99,Mike,Hillyer
ALFRED,CASILLAS,"SIEGE MADRE",Family,SIDNEY,CROWE,Inglês,0.99,Mike,Hillyer
ALFRED,CASILLAS,"SPLENDOR PATTON",Children,ADAM,GRANT,Inglês,0.99,Jon,Stephens
ALFRED,CASILLAS,"SPLENDOR PATTON",Children,AL,GARLAND,Inglês,0.99,Jon,Stephens
ALFRED,CASILLAS,"SPLENDOR PATTON",Children,BELA,WALKEN,Inglês,0.99,Jon,Stephens
ALFRED,CASILLAS,"SPLENDOR PATTON",Children,BEN,WILLIS,Inglês,0.99,Jon,Stephens
ALFRED,CASILLAS,"SPLENDOR PATTON",Children,CHARLIZE,DENCH,Inglês,0.99,Jon,Stephens
ALFRED,CASILLAS,"SPLENDOR PATTON",Children,CHRISTOPHER,WEST,Inglês,0.99,Jon,Stephens
ALFRED,CASILLAS,"SPLENDOR PATTON",Children,GROUCHO,WILLIAMS,Inglês,0.99,Jon,Stephens
ALFRED,CASILLAS,"SPLENDOR PATTON",Children,KIRK,JOVOVICH,Inglês,0.99,Jon,Stephens
ALFRED,CASILLAS,"SPLENDOR PATTON",Children,SANDRA,KILMER,Inglês,0.99,Jon,Stephens
ALFRED,CASILLAS,"SPLENDOR PATTON",Children,UMA,WOOD,Inglês,0.99,Jon,Stephens
ALFRED,CASILLAS,"TORQUE BOUND",Drama,ADAM,HOPPER,Inglês,8.99,Jon,Stephens
ALFRED,CASILLAS,"TORQUE BOUND",Drama,GENE,HOPKINS,Inglês,8.99,Jon,Stephens
ALFRED,CASILLAS,"TORQUE BOUND",Drama,KENNETH,HOFFMAN,Inglês,8.99,Jon,Stephens
ALFRED,CASILLAS,"TORQUE BOUND",Drama,NATALIE,HOPKINS,Inglês,8.99,Jon,Stephens
ALFRED,CASILLAS,"TORQUE BOUND",Drama,UMA,WOOD,Inglês,8.99,Jon,Stephens
ALFRED,CASILLAS,"UNDEFEATED DALMATIONS",Horror,ALBERT,JOHANSSON,Inglês,4.99,Mike,Hillyer
ALFRED,CASILLAS,"UNDEFEATED DALMATIONS",Horror,FRANCES,DAY-LEWIS,Inglês,4.99,Mike,Hillyer
ALFRED,CASILLAS,"UNDEFEATED DALMATIONS",Horror,TOM,MIRANDA,Inglês,4.99,Mike,Hillyer
ALFREDO,MCADAMS,"BADMAN DAWN",Sci-Fi,ALAN,DREYFUSS,Inglês,2.99,Jon,Stephens
ALFREDO,MCADAMS,"BADMAN DAWN",Sci-Fi,BEN,WILLIS,Inglês,2.99,Jon,Stephens
ALFREDO,MCADAMS,"BADMAN DAWN",Sci-Fi,CUBA,ALLEN,Inglês,2.99,Jon,Stephens
ALFREDO,MCADAMS,"BADMAN DAWN",Sci-Fi,GRETA,KEITEL,Inglês,2.99,Jon,Stephens
ALFREDO,MCADAMS,"BADMAN DAWN",Sci-Fi,HARRISON,BALE,Inglês,2.99,Jon,Stephens
ALFREDO,MCADAMS,"BADMAN DAWN",Sci-Fi,OLYMPIA,PFEIFFER,Inglês,2.99,Jon,Stephens
ALFREDO,MCADAMS,"BADMAN DAWN",Sci-Fi,THORA,TEMPLE,Inglês,2.99,Jon,Stephens
ALFREDO,MCADAMS,"BADMAN DAWN",Sci-Fi,WARREN,JACKMAN,Inglês,2.99,Jon,Stephens
ALFREDO,MCADAMS,"BUCKET BROTHERHOOD",Travel,BURT,TEMPLE,Inglês,5.99,Jon,Stephens
ALFREDO,MCADAMS,"BUCKET BROTHERHOOD",Travel,CHARLIZE,DENCH,Inglês,5.99,Jon,Stephens
ALFREDO,MCADAMS,"BUCKET BROTHERHOOD",Travel,GARY,PHOENIX,Inglês,5.99,Jon,Stephens
ALFREDO,MCADAMS,"BUCKET BROTHERHOOD",Travel,KIRSTEN,AKROYD,Inglês,5.99,Jon,Stephens
ALFREDO,MCADAMS,"BUCKET BROTHERHOOD",Travel,RIP,CRAWFORD,Inglês,5.99,Jon,Stephens
ALFREDO,MCADAMS,"BUCKET BROTHERHOOD",Travel,TIM,HACKMAN,Inglês,5.99,Jon,Stephens
ALFREDO,MCADAMS,"DOGMA FAMILY",Animation,CHRISTOPHER,WEST,Inglês,7.99,Mike,Hillyer
ALFREDO,MCADAMS,"DOGMA FAMILY",Animation,GINA,DEGENERES,Inglês,7.99,Mike,Hillyer
ALFREDO,MCADAMS,"DOGMA FAMILY",Animation,GROUCHO,SINATRA,Inglês,7.99,Mike,Hillyer
ALFREDO,MCADAMS,"DOGMA FAMILY",Animation,HENRY,BERRY,Inglês,7.99,Mike,Hillyer
ALFREDO,MCADAMS,"DOGMA FAMILY",Animation,KIRK,JOVOVICH,Inglês,7.99,Mike,Hillyer
ALFREDO,MCADAMS,"DOGMA FAMILY",Animation,RIVER,DEAN,Inglês,7.99,Mike,Hillyer
ALFREDO,MCADAMS,"DOGMA FAMILY",Animation,SIDNEY,CROWE,Inglês,7.99,Mike,Hillyer
ALFREDO,MCADAMS,"DURHAM PANKY",Sports,BEN,WILLIS,Inglês,4.99,Jon,Stephens
ALFREDO,MCADAMS,"DURHAM PANKY",Sports,FAY,WOOD,Inglês,4.99,Jon,Stephens
ALFREDO,MCADAMS,"DURHAM PANKY",Sports,FRANCES,TOMEI,Inglês,4.99,Jon,Stephens
ALFREDO,MCADAMS,"DURHAM PANKY",Sports,MATTHEW,JOHANSSON,Inglês,4.99,Jon,Stephens
ALFREDO,MCADAMS,"DURHAM PANKY",Sports,MILLA,KEITEL,Inglês,4.99,Jon,Stephens
ALFREDO,MCADAMS,"DURHAM PANKY",Sports,MORGAN,WILLIAMS,Inglês,4.99,Jon,Stephens
ALFREDO,MCADAMS,"DURHAM PANKY",Sports,SCARLETT,BENING,Inglês,4.99,Jon,Stephens
ALFREDO,MCADAMS,"DURHAM PANKY",Sports,SUSAN,DAVIS,Inglês,4.99,Jon,Stephens
ALFREDO,MCADAMS,"DURHAM PANKY",Sports,WOODY,HOFFMAN,Inglês,4.99,Jon,Stephens
ALFREDO,MCADAMS,"ENOUGH RAGING",Travel,AL,GARLAND,Inglês,2.99,Mike,Hillyer
ALFREDO,MCADAMS,"ENOUGH RAGING",Travel,JOHNNY,LOLLOBRIGIDA,Inglês,2.99,Mike,Hillyer
ALFREDO,MCADAMS,"ENOUGH RAGING",Travel,JULIANNE,DENCH,Inglês,2.99,Mike,Hillyer
ALFREDO,MCADAMS,"ENOUGH RAGING",Travel,KEVIN,GARLAND,Inglês,2.99,Mike,Hillyer
ALFREDO,MCADAMS,"ENOUGH RAGING",Travel,MATTHEW,CARREY,Inglês,2.99,Mike,Hillyer
ALFREDO,MCADAMS,"ENOUGH RAGING",Travel,MICHAEL,BOLGER,Inglês,2.99,Mike,Hillyer
ALFREDO,MCADAMS,"ENOUGH RAGING",Travel,RICHARD,PENN,Inglês,2.99,Mike,Hillyer
ALFREDO,MCADAMS,"ENOUGH RAGING",Travel,SANDRA,PECK,Inglês,2.99,Mike,Hillyer
ALFREDO,MCADAMS,"ENOUGH RAGING",Travel,SEAN,WILLIAMS,Inglês,2.99,Mike,Hillyer
ALFREDO,MCADAMS,"EXPRESS LONELY",Sci-Fi,ALBERT,JOHANSSON,Inglês,2.99,Mike,Hillyer
ALFREDO,MCADAMS,"EXPRESS LONELY",Sci-Fi,ALEC,WAYNE,Inglês,2.99,Mike,Hillyer
ALFREDO,MCADAMS,"EXPRESS LONELY",Sci-Fi,GREGORY,GOODING,Inglês,2.99,Mike,Hillyer
